i,hex_value,set_pk_max,verify_value
0,0000000000000000000000000000000000000000000000000000000000000000,1881064,584891
1,8000000000000000000000000000000000000000000000000000000000000000,1881064,577210
2,c000000000000000000000000000000000000000000000000000000000000000,1881064,577210
3,e000000000000000000000000000000000000000000000000000000000000000,1881064,577210
4,f000000000000000000000000000000000000000000000000000000000000000,1881064,577210
5,f800000000000000000000000000000000000000000000000000000000000000,1881064,569538
6,fc00000000000000000000000000000000000000000000000000000000000000,1881064,569538
7,fe00000000000000000000000000000000000000000000000000000000000000,1881064,569538
8,ff00000000000000000000000000000000000000000000000000000000000000,1881064,569538
9,ff80000000000000000000000000000000000000000000000000000000000000,1881064,561874
10,ffc0000000000000000000000000000000000000000000000000000000000000,1881064,561874
11,ffe0000000000000000000000000000000000000000000000000000000000000,1881064,561874
12,fff0000000000000000000000000000000000000000000000000000000000000,1881064,561874
13,fff8000000000000000000000000000000000000000000000000000000000000,1881064,554217
14,fffc000000000000000000000000000000000000000000000000000000000000,1881064,554217
15,fffe000000000000000000000000000000000000000000000000000000000000,1881064,554217
16,ffff000000000000000000000000000000000000000000000000000000000000,1881064,554217
17,ffff800000000000000000000000000000000000000000000000000000000000,1881064,546568
18,ffffc00000000000000000000000000000000000000000000000000000000000,1881064,546568
19,ffffe00000000000000000000000000000000000000000000000000000000000,1881064,546568
20,fffff00000000000000000000000000000000000000000000000000000000000,1881064,546568
21,fffff80000000000000000000000000000000000000000000000000000000000,1881064,538927
22,fffffc0000000000000000000000000000000000000000000000000000000000,1881064,538927
23,fffffe0000000000000000000000000000000000000000000000000000000000,1881064,538927
24,ffffff0000000000000000000000000000000000000000000000000000000000,1881064,538927
25,ffffff8000000000000000000000000000000000000000000000000000000000,1881064,531295
26,ffffffc000000000000000000000000000000000000000000000000000000000,1881064,531295
27,ffffffe000000000000000000000000000000000000000000000000000000000,1881064,531295
28,fffffff000000000000000000000000000000000000000000000000000000000,1881064,531295
29,fffffff800000000000000000000000000000000000000000000000000000000,1881064,523670
30,fffffffc00000000000000000000000000000000000000000000000000000000,1881064,523670
31,fffffffe00000000000000000000000000000000000000000000000000000000,1881064,523670
32,ffffffff00000000000000000000000000000000000000000000000000000000,1881064,523670
33,ffffffff80000000000000000000000000000000000000000000000000000000,1881064,523670
34,ffffffffc0000000000000000000000000000000000000000000000000000000,1881064,516053
35,ffffffffe0000000000000000000000000000000000000000000000000000000,1881064,516053
36,fffffffff0000000000000000000000000000000000000000000000000000000,1881064,516053
37,fffffffff8000000000000000000000000000000000000000000000000000000,1881064,516053
38,fffffffffc000000000000000000000000000000000000000000000000000000,1881064,508444
39,fffffffffe000000000000000000000000000000000000000000000000000000,1881064,508444
40,ffffffffff000000000000000000000000000000000000000000000000000000,1881064,508444
41,ffffffffff800000000000000000000000000000000000000000000000000000,1881064,508444
42,ffffffffffc00000000000000000000000000000000000000000000000000000,1881064,500842
43,ffffffffffe00000000000000000000000000000000000000000000000000000,1881064,500842
44,fffffffffff00000000000000000000000000000000000000000000000000000,1881064,500842
45,fffffffffff80000000000000000000000000000000000000000000000000000,1881064,500842
46,fffffffffffc0000000000000000000000000000000000000000000000000000,1881064,493249
47,fffffffffffe0000000000000000000000000000000000000000000000000000,1881064,493249
48,ffffffffffff0000000000000000000000000000000000000000000000000000,1881064,493249
49,ffffffffffff8000000000000000000000000000000000000000000000000000,1881064,493249
50,ffffffffffffc000000000000000000000000000000000000000000000000000,1881064,493249
51,ffffffffffffe000000000000000000000000000000000000000000000000000,1881064,477581
52,fffffffffffff000000000000000000000000000000000000000000000000000,1881064,477581
53,fffffffffffff800000000000000000000000000000000000000000000000000,1881064,477581
54,fffffffffffffc00000000000000000000000000000000000000000000000000,1881064,477581
55,fffffffffffffe00000000000000000000000000000000000000000000000000,1881064,470012
56,ffffffffffffff00000000000000000000000000000000000000000000000000,1881064,470012
57,ffffffffffffff80000000000000000000000000000000000000000000000000,1881064,470012
58,ffffffffffffffc0000000000000000000000000000000000000000000000000,1881064,470012
59,ffffffffffffffe0000000000000000000000000000000000000000000000000,1881064,470012
60,fffffffffffffff0000000000000000000000000000000000000000000000000,1881064,462451
61,fffffffffffffff8000000000000000000000000000000000000000000000000,1881064,462451
62,fffffffffffffffc000000000000000000000000000000000000000000000000,1881064,462451
63,fffffffffffffffe000000000000000000000000000000000000000000000000,1881064,462451
64,ffffffffffffffff000000000000000000000000000000000000000000000000,1881064,462451
65,ffffffffffffffff800000000000000000000000000000000000000000000000,1881064,454898
66,ffffffffffffffffc00000000000000000000000000000000000000000000000,1881064,454898
67,ffffffffffffffffe00000000000000000000000000000000000000000000000,1881064,454898
68,fffffffffffffffff00000000000000000000000000000000000000000000000,1881064,454898
69,fffffffffffffffff80000000000000000000000000000000000000000000000,1881064,447352
70,fffffffffffffffffc0000000000000000000000000000000000000000000000,1881064,447352
71,fffffffffffffffffe0000000000000000000000000000000000000000000000,1881064,447352
72,ffffffffffffffffff0000000000000000000000000000000000000000000000,1881064,447352
73,ffffffffffffffffff8000000000000000000000000000000000000000000000,1881064,439815
74,ffffffffffffffffffc000000000000000000000000000000000000000000000,1881064,439815
75,ffffffffffffffffffe000000000000000000000000000000000000000000000,1881064,439815
76,fffffffffffffffffff000000000000000000000000000000000000000000000,1881064,439815
77,fffffffffffffffffff800000000000000000000000000000000000000000000,1881064,432286
78,fffffffffffffffffffc00000000000000000000000000000000000000000000,1881064,432286
79,fffffffffffffffffffe00000000000000000000000000000000000000000000,1881064,432286
80,ffffffffffffffffffff00000000000000000000000000000000000000000000,1881064,432286
81,ffffffffffffffffffff80000000000000000000000000000000000000000000,1881064,424764
82,ffffffffffffffffffffc0000000000000000000000000000000000000000000,1881064,424764
83,ffffffffffffffffffffe0000000000000000000000000000000000000000000,1881064,424764
84,fffffffffffffffffffff0000000000000000000000000000000000000000000,1881064,424764
85,fffffffffffffffffffff8000000000000000000000000000000000000000000,1881064,417250
86,fffffffffffffffffffffc000000000000000000000000000000000000000000,1881064,417250
87,fffffffffffffffffffffe000000000000000000000000000000000000000000,1881064,417250
88,ffffffffffffffffffffff000000000000000000000000000000000000000000,1881064,417250
89,ffffffffffffffffffffff800000000000000000000000000000000000000000,1881064,409744
90,ffffffffffffffffffffffc00000000000000000000000000000000000000000,1881064,409744
91,ffffffffffffffffffffffe00000000000000000000000000000000000000000,1881064,409744
92,fffffffffffffffffffffff00000000000000000000000000000000000000000,1881064,409744
93,fffffffffffffffffffffff80000000000000000000000000000000000000000,1881064,402247
94,fffffffffffffffffffffffc0000000000000000000000000000000000000000,1881064,402247
95,fffffffffffffffffffffffe0000000000000000000000000000000000000000,1881064,402247
96,ffffffffffffffffffffffff0000000000000000000000000000000000000000,1881064,402247
97,ffffffffffffffffffffffff8000000000000000000000000000000000000000,1881064,402247
98,ffffffffffffffffffffffffc000000000000000000000000000000000000000,1881064,394757
99,ffffffffffffffffffffffffe000000000000000000000000000000000000000,1881064,394757
100,fffffffffffffffffffffffff000000000000000000000000000000000000000,1881064,394757
101,fffffffffffffffffffffffff800000000000000000000000000000000000000,1881064,394757
102,fffffffffffffffffffffffffc00000000000000000000000000000000000000,1881064,387275
103,fffffffffffffffffffffffffe00000000000000000000000000000000000000,1881064,387275
104,ffffffffffffffffffffffffff00000000000000000000000000000000000000,1881064,387275
105,ffffffffffffffffffffffffff80000000000000000000000000000000000000,1881064,387275
106,ffffffffffffffffffffffffffc0000000000000000000000000000000000000,1881064,379801
107,ffffffffffffffffffffffffffe0000000000000000000000000000000000000,1881064,379801
108,fffffffffffffffffffffffffff0000000000000000000000000000000000000,1881064,379801
109,fffffffffffffffffffffffffff8000000000000000000000000000000000000,1881064,379801
110,fffffffffffffffffffffffffffc000000000000000000000000000000000000,1881064,372334
111,fffffffffffffffffffffffffffe000000000000000000000000000000000000,1881064,372334
112,ffffffffffffffffffffffffffff000000000000000000000000000000000000,1881064,372334
113,ffffffffffffffffffffffffffff800000000000000000000000000000000000,1881064,372334
114,ffffffffffffffffffffffffffffc00000000000000000000000000000000000,1881064,372334
115,ffffffffffffffffffffffffffffe00000000000000000000000000000000000,1881064,364876
116,fffffffffffffffffffffffffffff00000000000000000000000000000000000,1881064,364876
117,fffffffffffffffffffffffffffff80000000000000000000000000000000000,1881064,364876
118,fffffffffffffffffffffffffffffc0000000000000000000000000000000000,1881064,364876
119,fffffffffffffffffffffffffffffe0000000000000000000000000000000000,1881064,349487
120,ffffffffffffffffffffffffffffff0000000000000000000000000000000000,1881064,349487
121,ffffffffffffffffffffffffffffff8000000000000000000000000000000000,1881064,349487
122,ffffffffffffffffffffffffffffffc000000000000000000000000000000000,1881064,349487
123,ffffffffffffffffffffffffffffffe000000000000000000000000000000000,1881064,349487
124,fffffffffffffffffffffffffffffff000000000000000000000000000000000,1881064,342053
125,fffffffffffffffffffffffffffffff800000000000000000000000000000000,1881064,342053
126,fffffffffffffffffffffffffffffffc00000000000000000000000000000000,1881064,342053
127,fffffffffffffffffffffffffffffffe00000000000000000000000000000000,1881064,342053
128,ffffffffffffffffffffffffffffffff00000000000000000000000000000000,1881064,342053
129,ffffffffffffffffffffffffffffffff80000000000000000000000000000000,1881064,334627
130,ffffffffffffffffffffffffffffffffc0000000000000000000000000000000,1881064,334627
131,ffffffffffffffffffffffffffffffffe0000000000000000000000000000000,1881064,334627
132,fffffffffffffffffffffffffffffffff0000000000000000000000000000000,1881064,334627
133,fffffffffffffffffffffffffffffffff8000000000000000000000000000000,1881064,327209
134,fffffffffffffffffffffffffffffffffc000000000000000000000000000000,1881064,327209
135,fffffffffffffffffffffffffffffffffe000000000000000000000000000000,1881064,327209
136,ffffffffffffffffffffffffffffffffff000000000000000000000000000000,1881064,327209
137,ffffffffffffffffffffffffffffffffff800000000000000000000000000000,1881064,319798
138,ffffffffffffffffffffffffffffffffffc00000000000000000000000000000,1881064,319798
139,ffffffffffffffffffffffffffffffffffe00000000000000000000000000000,1881064,319798
140,fffffffffffffffffffffffffffffffffff00000000000000000000000000000,1881064,319798
141,fffffffffffffffffffffffffffffffffff80000000000000000000000000000,1881064,312396
142,fffffffffffffffffffffffffffffffffffc0000000000000000000000000000,1881064,312396
143,fffffffffffffffffffffffffffffffffffe0000000000000000000000000000,1881064,312396
144,ffffffffffffffffffffffffffffffffffff0000000000000000000000000000,1881064,312396
145,ffffffffffffffffffffffffffffffffffff8000000000000000000000000000,1881064,305002
146,ffffffffffffffffffffffffffffffffffffc000000000000000000000000000,1881064,305002
147,ffffffffffffffffffffffffffffffffffffe000000000000000000000000000,1881064,305002
148,fffffffffffffffffffffffffffffffffffff000000000000000000000000000,1881064,305002
149,fffffffffffffffffffffffffffffffffffff800000000000000000000000000,1881064,297615
150,fffffffffffffffffffffffffffffffffffffc00000000000000000000000000,1881064,297615
151,fffffffffffffffffffffffffffffffffffffe00000000000000000000000000,1881064,297615
152,ffffffffffffffffffffffffffffffffffffff00000000000000000000000000,1881064,297615
153,ffffffffffffffffffffffffffffffffffffff80000000000000000000000000,1881064,290236
154,ffffffffffffffffffffffffffffffffffffffc0000000000000000000000000,1881064,290236
155,ffffffffffffffffffffffffffffffffffffffe0000000000000000000000000,1881064,290236
156,fffffffffffffffffffffffffffffffffffffff0000000000000000000000000,1881064,290236
157,fffffffffffffffffffffffffffffffffffffff8000000000000000000000000,1881064,282865
158,fffffffffffffffffffffffffffffffffffffffc000000000000000000000000,1881064,282865
159,fffffffffffffffffffffffffffffffffffffffe000000000000000000000000,1881064,282865
160,ffffffffffffffffffffffffffffffffffffffff000000000000000000000000,1881064,282865
161,ffffffffffffffffffffffffffffffffffffffff800000000000000000000000,1881064,282865
162,ffffffffffffffffffffffffffffffffffffffffc00000000000000000000000,1881064,275503
163,ffffffffffffffffffffffffffffffffffffffffe00000000000000000000000,1881064,275503
164,fffffffffffffffffffffffffffffffffffffffff00000000000000000000000,1881064,275503
165,fffffffffffffffffffffffffffffffffffffffff80000000000000000000000,1881064,275503
166,fffffffffffffffffffffffffffffffffffffffffc0000000000000000000000,1881064,268148
167,fffffffffffffffffffffffffffffffffffffffffe0000000000000000000000,1881064,268148
168,ffffffffffffffffffffffffffffffffffffffffff0000000000000000000000,1881064,268148
169,ffffffffffffffffffffffffffffffffffffffffff8000000000000000000000,1881064,268148
170,ffffffffffffffffffffffffffffffffffffffffffc000000000000000000000,1881064,260801
171,ffffffffffffffffffffffffffffffffffffffffffe000000000000000000000,1881064,260801
172,fffffffffffffffffffffffffffffffffffffffffff000000000000000000000,1881064,260801
173,fffffffffffffffffffffffffffffffffffffffffff800000000000000000000,1881064,260801
174,fffffffffffffffffffffffffffffffffffffffffffc00000000000000000000,1881064,253462
175,fffffffffffffffffffffffffffffffffffffffffffe00000000000000000000,1881064,253462
176,ffffffffffffffffffffffffffffffffffffffffffff00000000000000000000,1881064,253462
177,ffffffffffffffffffffffffffffffffffffffffffff80000000000000000000,1881064,253462
178,ffffffffffffffffffffffffffffffffffffffffffffc0000000000000000000,1881064,253462
179,ffffffffffffffffffffffffffffffffffffffffffffe0000000000000000000,1881064,246130
180,fffffffffffffffffffffffffffffffffffffffffffff0000000000000000000,1881064,246130
181,fffffffffffffffffffffffffffffffffffffffffffff8000000000000000000,1881064,246130
182,fffffffffffffffffffffffffffffffffffffffffffffc000000000000000000,1881064,246130
183,fffffffffffffffffffffffffffffffffffffffffffffe000000000000000000,1881064,238807
184,ffffffffffffffffffffffffffffffffffffffffffffff000000000000000000,1881064,238807
185,ffffffffffffffffffffffffffffffffffffffffffffff800000000000000000,1881064,238807
186,ffffffffffffffffffffffffffffffffffffffffffffffc00000000000000000,1881064,238807
187,ffffffffffffffffffffffffffffffffffffffffffffffe00000000000000000,1881064,238807
188,fffffffffffffffffffffffffffffffffffffffffffffff00000000000000000,1881064,223697
189,fffffffffffffffffffffffffffffffffffffffffffffff80000000000000000,1881064,223697
190,fffffffffffffffffffffffffffffffffffffffffffffffc0000000000000000,1881064,223697
191,fffffffffffffffffffffffffffffffffffffffffffffffe0000000000000000,1881064,223697
192,ffffffffffffffffffffffffffffffffffffffffffffffff0000000000000000,1881064,223697
193,ffffffffffffffffffffffffffffffffffffffffffffffff8000000000000000,1881064,216398
194,ffffffffffffffffffffffffffffffffffffffffffffffffc000000000000000,1881064,216398
195,ffffffffffffffffffffffffffffffffffffffffffffffffe000000000000000,1881064,216398
196,fffffffffffffffffffffffffffffffffffffffffffffffff000000000000000,1881064,216398
197,fffffffffffffffffffffffffffffffffffffffffffffffff800000000000000,1881064,209107
198,fffffffffffffffffffffffffffffffffffffffffffffffffc00000000000000,1881064,209107
199,fffffffffffffffffffffffffffffffffffffffffffffffffe00000000000000,1881064,209107
200,ffffffffffffffffffffffffffffffffffffffffffffffffff00000000000000,1881064,209107
201,ffffffffffffffffffffffffffffffffffffffffffffffffff80000000000000,1881064,201824
202,ffffffffffffffffffffffffffffffffffffffffffffffffffc0000000000000,1881064,201824
203,ffffffffffffffffffffffffffffffffffffffffffffffffffe0000000000000,1881064,201824
204,fffffffffffffffffffffffffffffffffffffffffffffffffff0000000000000,1881064,201824
205,fffffffffffffffffffffffffffffffffffffffffffffffffff8000000000000,1881064,194548
206,fffffffffffffffffffffffffffffffffffffffffffffffffffc000000000000,1881064,194548
207,fffffffffffffffffffffffffffffffffffffffffffffffffffe000000000000,1881064,194548
208,ffffffffffffffffffffffffffffffffffffffffffffffffffff000000000000,1881064,194548
209,ffffffffffffffffffffffffffffffffffffffffffffffffffff800000000000,1881064,187281
210,ffffffffffffffffffffffffffffffffffffffffffffffffffffc00000000000,1881064,187281
211,ffffffffffffffffffffffffffffffffffffffffffffffffffffe00000000000,1881064,187281
212,fffffffffffffffffffffffffffffffffffffffffffffffffffff00000000000,1881064,187281
213,fffffffffffffffffffffffffffffffffffffffffffffffffffff80000000000,1881064,180022
214,fffffffffffffffffffffffffffffffffffffffffffffffffffffc0000000000,1881064,180022
215,fffffffffffffffffffffffffffffffffffffffffffffffffffffe0000000000,1881064,180022
216,ffffffffffffffffffffffffffffffffffffffffffffffffffffff0000000000,1881064,180022
217,ffffffffffffffffffffffffffffffffffffffffffffffffffffff8000000000,1881064,172770
218,ffffffffffffffffffffffffffffffffffffffffffffffffffffffc000000000,1881064,172770
219,ffffffffffffffffffffffffffffffffffffffffffffffffffffffe000000000,1881064,172770
220,fffffffffffffffffffffffffffffffffffffffffffffffffffffff000000000,1881064,172770
221,fffffffffffffffffffffffffffffffffffffffffffffffffffffff800000000,1881064,165526
222,fffffffffffffffffffffffffffffffffffffffffffffffffffffffc00000000,1881064,165526
223,fffffffffffffffffffffffffffffffffffffffffffffffffffffffe00000000,1881064,165526
224,ffffffffffffffffffffffffffffffffffffffffffffffffffffffff00000000,1881064,165526
225,ffffffffffffffffffffffffffffffffffffffffffffffffffffffff80000000,1881064,165526
226,ffffffffffffffffffffffffffffffffffffffffffffffffffffffffc0000000,1881064,158290
227,ffffffffffffffffffffffffffffffffffffffffffffffffffffffffe0000000,1881064,158290
228,fffffffffffffffffffffffffffffffffffffffffffffffffffffffff0000000,1881064,158290
229,fffffffffffffffffffffffffffffffffffffffffffffffffffffffff8000000,1881064,158290
230,fffffffffffffffffffffffffffffffffffffffffffffffffffffffffc000000,1881064,151063
231,fffffffffffffffffffffffffffffffffffffffffffffffffffffffffe000000,1881064,151063
232,ffffffffffffffffffffffffffffffffffffffffffffffffffffffffff000000,1881064,151063
233,ffffffffffffffffffffffffffffffffffffffffffffffffffffffffff800000,1881064,151063
234,ffffffffffffffffffffffffffffffffffffffffffffffffffffffffffc00000,1881064,143843
235,ffffffffffffffffffffffffffffffffffffffffffffffffffffffffffe00000,1881064,143843
236,fffffffffffffffffffffffffffffffffffffffffffffffffffffffffff00000,1881064,143843
237,fffffffffffffffffffffffffffffffffffffffffffffffffffffffffff80000,1881064,143843
238,fffffffffffffffffffffffffffffffffffffffffffffffffffffffffffc0000,1881064,136631
239,fffffffffffffffffffffffffffffffffffffffffffffffffffffffffffe0000,1881064,136631
240,ffffffffffffffffffffffffffffffffffffffffffffffffffffffffffff0000,1881064,136631
241,ffffffffffffffffffffffffffffffffffffffffffffffffffffffffffff8000,1881064,136631
242,ffffffffffffffffffffffffffffffffffffffffffffffffffffffffffffc000,1881064,136631
243,ffffffffffffffffffffffffffffffffffffffffffffffffffffffffffffe000,1881064,129427
244,fffffffffffffffffffffffffffffffffffffffffffffffffffffffffffff000,1881064,129427
245,fffffffffffffffffffffffffffffffffffffffffffffffffffffffffffff800,1881064,129427
246,fffffffffffffffffffffffffffffffffffffffffffffffffffffffffffffc00,1881064,129427
247,fffffffffffffffffffffffffffffffffffffffffffffffffffffffffffffe00,1881064,122230
248,ffffffffffffffffffffffffffffffffffffffffffffffffffffffffffffff00,1881064,122230
249,ffffffffffffffffffffffffffffffffffffffffffffffffffffffffffffff80,1881064,122230
250,ffffffffffffffffffffffffffffffffffffffffffffffffffffffffffffffc0,1881064,122230
251,ffffffffffffffffffffffffffffffffffffffffffffffffffffffffffffffe0,1881064,122230
252,fffffffffffffffffffffffffffffffffffffffffffffffffffffffffffffff0,1881064,115042
253,fffffffffffffffffffffffffffffffffffffffffffffffffffffffffffffff8,1881064,115042
254,fffffffffffffffffffffffffffffffffffffffffffffffffffffffffffffffc,1881064,115042
255,fffffffffffffffffffffffffffffffffffffffffffffffffffffffffffffffe,1881064,115042
