h,d,a,k,set_pk_max,verify_value
3,2,4,59,66863,5847687
3,2,4,60,66863,5845903
3,2,5,47,66863,5650219
3,2,5,48,66863,5742075
3,2,6,39,66863,5588694
3,2,6,40,66863,5612382
3,2,7,34,66863,5497573
3,2,8,30,66851,5526574
3,2,9,26,66863,5448552
3,2,10,24,66863,5460736
3,2,12,20,66863,5458687 
3,2,13,18,66863,5323826
3,2,14,17,66863,5350041
3,2,15,16,66863,5334193
3,2,16,15,66863,5320364
3,2,17,14,66863,5331181
3,2,18,13,66863,5256225
3,2,20,12,66863,5324561
3,2,24,10,66863,5318275
3,2,26,9,66863,5232070
3,2,30,8,not found,not found
3,2,34,7,not found,not found
3,2,39,6,not found,not found
3,2,40,6,not found,not found
3,2,47,5,not found,not found
3,2,48,5,not found,not found
3,2,59,4,not found,not found
3,2,60,4,not found,not found
4,2,4,59,66863,5833366
4,2,4,60,66863,5861439
4,2,5,47,66863,5687526
4,2,5,48,66863,5723400
4,2,6,39,66863,5565947
4,2,6,40,66863,5620194
4,2,7,34,66851,5555445
4,2,8,30,66863,5499982
4,2,9,26,66863,5434394
4,2,10,24,66863,5496582
4,2,12,20,66863,5411228
4,2,13,18,66863,5322577
4,2,14,17,66863,5377313
4,2,15,16,66863,5362307
4,2,16,15,66863,5360499
4,2,17,14,66863,5322000
4,2,18,13,66851,5267876
4,2,20,12,66863,5327991
4,2,24,10,66863,5329366
4,2,26,9,66863,5218209
4,2,30,8,not found,not found
4,2,34,7,not found,not found
4,2,39,6,not found,not found
4,2,40,6,not found,not found
4,2,47,5,not found,not found
4,2,48,5,not found,not found
4,2,59,4,not found,not found
4,2,60,4,not found,not found
4,3,4,59,66863,6622805
4,3,4,60,66863,6609074
4,3,5,47,66863,6446778
4,3,5,48,66863,6512640
4,3,6,39,66863,6384247
4,3,6,40,66851,6404913
4,3,7,34,66851,6297356
4,3,8,30,66863,6322158
4,3,9,26,66863,6235603
4,3,10,24,66863,6222683
4,3,12,20,66863,6215653
4,3,13,18,66863,6102960
4,3,14,17,66863,6122858
4,3,15,16,66863,6099502
4,3,16,15,66863,6144081
4,3,17,14,66863,6083575
4,3,18,13,66863,6012212
4,3,20,12,66851,6089334
4,3,24,10,66851,6044750
4,3,26,9,66863,6048606
4,3,30,8,not found,not found
4,3,34,7,not found,not found
4,3,39,6,not found,not found
4,3,40,6,not found,not found
4,3,47,5,not found,not found
4,3,48,5,not found,not found
4,3,59,4,not found,not found
4,3,60,4,not found,not found
5,2,4,59,66863,5871780
5,2,4,60,66863,5883019
5,2,5,47,66851,5670976
5,2,5,48,66863,5748747
5,2,6,39,66851,5578606
5,2,6,40,66863,5654073
5,2,7,34,66863,5560406
5,2,8,30,66863,5517038
5,2,9,26,66863,5460244
5,2,10,24,66863,5442162
5,2,12,20,66851,5436812
5,2,13,18,66863,5344252
5,2,14,17,66863,5356416
5,2,15,16,66863,5333521
5,2,16,15,66863,5369013
5,2,17,14,66863,5346670
5,2,18,13,66863,5259667
5,2,20,12,66863,5331796
5,2,24,10,66863,5329365
5,2,26,9,66863,5239327
5,2,30,8,not found,not found
5,2,34,7,not found,not found
5,2,39,6,not found,not found
5,2,40,6,not found,not found
5,2,47,5,not found,not found
5,2,48,5,not found,not found
5,2,59,4,not found,not found
5,2,60,4,not found,not found
5,3,4,59,66863,6611190
5,3,4,60,66863,6609638
5,3,5,47,66863,6443202
5,3,5,48,66851,6520703
5,3,6,39,66863,6338038
5,3,6,40,66863,6404899
5,3,7,34,66863,6306491
5,3,8,30,66863,6297292
5,3,9,26,66863,6193922
5,3,10,24,66863,6230656
5,3,12,20,66863,6233092
5,3,13,18,66863,6101555
5,3,14,17,66863,6106045
5,3,15,16,66863,6138991
5,3,16,15,66863,6128110
5,3,17,14,66863,6101512
5,3,18,13,66863,6080865
5,3,20,12,66863,6094598
5,3,24,10,66863,6049975
5,3,26,9,66851,6069013
5,3,30,8,not found,not found
5,3,34,7,not found,not found
5,3,39,6,not found,not found
5,3,40,6,not found,not found
5,3,47,5,not found,not found
5,3,48,5,not found,not found
5,3,59,4,not found,not found
5,3,60,4,not found,not found
5,4,4,59,66863,7379627
5,4,4,60,66863,7390528
5,4,5,47,66863,7223532
5,4,5,48,66863,7313608
5,4,6,39,66851,7113839
5,4,6,40,66863,7155344
5,4,7,34,66863,7089906
5,4,8,30,66863,7077175
5,4,9,26,66863,6985868
5,4,10,24,66863,6989172
5,4,12,20,66863,6991142
5,4,13,18,66863,6855223
5,4,14,17,66851,6919289
5,4,15,16,66863,6939057
5,4,16,15,66863,6924586
5,4,17,14,66863,6927548
5,4,18,13,66863,6864446
5,4,20,12,66863,6890085
5,4,24,10,66863,6811757
5,4,26,9,66851,6852050
5,4,30,8,not found,not found
5,4,34,7,not found,not found
5,4,39,6,not found,not found
5,4,40,6,not found,not found
5,4,47,5,not found,not found
5,4,48,5,not found,not found
5,4,59,4,not found,not found
5,4,60,4,not found,not found
6,2,4,59,66863,5857784
6,2,4,60,66863,5868716
6,2,5,47,66863,5690937
6,2,5,48,66863,5794091
6,2,6,39,66863,5636534
6,2,6,40,66863,5677881
6,2,7,34,66863,5541796
6,2,8,30,66863,5557881
6,2,9,26,66863,5475457
6,2,10,24,66851,5474392
6,2,12,20,66863,5472910
6,2,13,18,66863,5350959
6,2,14,17,66863,5397479
6,2,15,16,66851,5391267
6,2,16,15,66863,5401531
6,2,17,14,66851,5362728
6,2,18,13,66851,5308590
6,2,20,12,66863,5321471
6,2,24,10,66851,5327537
6,2,26,9,66851,5279996
6,2,30,8,not found,not found
6,2,34,7,not found,not found
6,2,39,6,not found,not found
6,2,40,6,not found,not found
6,2,47,5,not found,not found
6,2,48,5,not found,not found
6,2,59,4,not found,not found
6,2,60,4,not found,not found
6,3,4,59,66863,6684999
6,3,4,60,66851,6649254
6,3,5,47,66851,6432049
6,3,5,48,66863,6535565
6,3,6,39,66863,6404424
6,3,6,40,66863,6457493
6,3,7,34,66851,6300397
6,3,8,30,66863,6329932
6,3,9,26,66863,6216843
6,3,10,24,66851,6300845
6,3,12,20,66863,6202134
6,3,13,18,66863,6125552
6,3,14,17,66863,6146587
6,3,15,16,66863,6186425
6,3,16,15,66863,6185199
6,3,17,14,66863,6091632
6,3,18,13,66851,6116174
6,3,20,12,66863,6087955
6,3,24,10,66839,6103206
6,3,26,9,66863,6041424
6,3,30,8,not found,not found
6,3,34,7,not found,not found
6,3,39,6,not found,not found
6,3,40,6,not found,not found
6,3,47,5,not found,not found
6,3,48,5,not found,not found
6,3,59,4,not found,not found
6,3,60,4,not found,not found
6,4,4,59,66863,7396636
6,4,4,60,66863,7383294
6,4,5,47,66863,7232430
6,4,5,48,66863,7315833
6,4,6,39,66863,7136905
6,4,6,40,66863,7220729
6,4,7,34,66863,7056855
6,4,8,30,66863,7048581
6,4,9,26,66863,7055049
6,4,10,24,66863,6971691
6,4,12,20,66863,7044223
6,4,13,18,66863,6886239
6,4,14,17,66863,6891331
6,4,15,16,66863,6987090
6,4,16,15,66863,6882114
6,4,17,14,66863,6881833
6,4,18,13,66851,6822333
6,4,20,12,66863,6848492
6,4,24,10,66863,6829790
6,4,26,9,66863,6780872
6,4,30,8,not found,not found
6,4,34,7,not found,not found
6,4,39,6,not found,not found
6,4,40,6,not found,not found
6,4,47,5,not found,not found
6,4,48,5,not found,not found
6,4,59,4,not found,not found
6,4,60,4,not found,not found
6,5,4,59,66863,8204871
6,5,4,60,66851,8195576
6,5,5,47,66863,8022613
6,5,5,48,66863,8089853
6,5,6,39,66863,7896582
6,5,6,40,66863,8010925
6,5,7,34,66839,7820660
6,5,8,30,66863,7851208
6,5,9,26,66863,7836374
6,5,10,24,66863,7760594
6,5,12,20,66863,7816850
6,5,13,18,66863,7666868
6,5,14,17,66863,7702034
6,5,15,16,66863,7764247
6,5,16,15,66863,7653788
6,5,17,14,66863,7645172
6,5,18,13,66863,7563733
6,5,20,12,66863,7650103
6,5,24,10,66863,7618516
6,5,26,9,66863,7569742
6,5,30,8,not found,not found
6,5,34,7,not found,not found
6,5,39,6,not found,not found
6,5,40,6,not found,not found
6,5,47,5,not found,not found
6,5,48,5,not found,not found
6,5,59,4,not found,not found
6,5,60,4,not found,not found
7,2,4,59,66863,5862195
7,2,4,60,66863,5894712
7,2,5,47,66863,5686521
7,2,5,48,66863,5769561
7,2,6,39,66851,5628532
7,2,6,40,66863,5648966
7,2,7,34,66851,5554143
7,2,8,30,66863,5570813
7,2,9,26,66851,5450732
7,2,10,24,66863,5496426
7,2,12,20,66863,5464949
7,2,13,18,66863,5367960
7,2,14,17,66863,5409844
7,2,15,16,66863,5383316
7,2,16,15,66863,5401542
7,2,17,14,66851,5345677
7,2,18,13,66851,5308872
7,2,20,12,66863,5339056
7,2,24,10,66863,5319875
7,2,26,9,66851,5276474
7,2,30,8,not found,not found
7,2,34,7,not found,not found
7,2,39,6,not found,not found
7,2,40,6,not found,not found
7,2,47,5,not found,not found
7,2,48,5,not found,not found
7,2,59,4,not found,not found
7,2,60,4,not found,not found
7,3,4,59,66863,6626993
7,3,4,60,66839,6663157
7,3,5,47,66863,6475020
7,3,5,48,66863,6562269
7,3,6,39,66863,6391971
7,3,6,40,66863,6386106
7,3,7,34,66863,6300714
7,3,8,30,66863,6308350
7,3,9,26,66863,6234230
7,3,10,24,66863,6330956
7,3,12,20,66851,6261523
7,3,13,18,66863,6117538
7,3,14,17,66851,6130347
7,3,15,16,66863,6153588
7,3,16,15,66851,6126161
7,3,17,14,66863,6137683
7,3,18,13,66863,6070406
7,3,20,12,66851,6151405
7,3,24,10,66863,6136860
7,3,26,9,66863,6114600
7,3,30,8,not found,not found
7,3,34,7,not found,not found
7,3,39,6,not found,not found
7,3,40,6,not found,not found
7,3,47,5,not found,not found
7,3,48,5,not found,not found
7,3,59,4,not found,not found
7,3,60,4,not found,not found
7,4,4,59,66863,7418967
7,4,4,60,66863,7417315
7,4,5,47,66863,7242461
7,4,5,48,66863,7385561
7,4,6,39,66863,7111364
7,4,6,40,66863,7182315
7,4,7,34,66863,7082441
7,4,8,30,66863,7019424
7,4,9,26,66863,7000341
7,4,10,24,66863,7028868
7,4,12,20,66863,6967534
7,4,13,18,66863,6861599
7,4,14,17,66863,6930406
7,4,15,16,66863,6890022
7,4,16,15,66863,6914050
7,4,17,14,66863,6921512
7,4,18,13,66863,6853118
7,4,20,12,66863,6816719
7,4,24,10,66863,6905687
7,4,26,9,66863,6783133
7,4,30,8,not found,not found
7,4,34,7,not found,not found
7,4,39,6,not found,not found
7,4,40,6,not found,not found
7,4,47,5,not found,not found
7,4,48,5,not found,not found
7,4,59,4,not found,not found
7,4,60,4,not found,not found
7,5,4,59,66863,8223110
7,5,4,60,66863,8233967
7,5,5,47,66863,8045845
7,5,5,48,66863,8154871
7,5,6,39,66863,7909724
7,5,6,40,66851,7994092
7,5,7,34,66863,7855328
7,5,8,30,66863,7796502
7,5,9,26,66863,7747643
7,5,10,24,66863,7814460
7,5,12,20,66863,7740364
7,5,13,18,66851,7637924
7,5,14,17,66863,7685820
7,5,15,16,66863,7696233
7,5,16,15,66863,7685856
7,5,17,14,66863,7703128
7,5,18,13,66863,7638673
7,5,20,12,66863,7618158
7,5,24,10,66863,7694820
7,5,26,9,66863,7572014
7,5,30,8,not found,not found
7,5,34,7,not found,not found
7,5,39,6,not found,not found
7,5,40,6,not found,not found
7,5,47,5,not found,not found
7,5,48,5,not found,not found
7,5,59,4,not found,not found
7,5,60,4,not found,not found
7,6,4,59,66863,9015403
7,6,4,60,66863,9048219
7,6,5,47,66863,8837681
7,6,5,48,66863,8964348
7,6,6,39,66863,8696811
7,6,6,40,66863,8798074
7,6,7,34,66863,8654823
7,6,8,30,66863,8582851
7,6,9,26,66863,8546493
7,6,10,24,66863,8614176
7,6,12,20,66851,8505833
7,6,13,18,66863,8419576
7,6,14,17,66863,8472110
7,6,15,16,66863,8478680
7,6,16,15,66863,8459306
7,6,17,14,66863,8506648
7,6,18,13,66863,8429350
7,6,20,12,66863,8404736
7,6,24,10,66851,8481566
7,6,26,9,66863,8319362
7,6,30,8,not found,not found
7,6,34,7,not found,not found
7,6,39,6,not found,not found
7,6,40,6,not found,not found
7,6,47,5,not found,not found
7,6,48,5,not found,not found
7,6,59,4,not found,not found
7,6,60,4,not found,not found
8,2,4,59,66863,5881594
8,2,4,60,66863,5888985
8,2,5,47,66863,5714421
8,2,5,48,66863,5780962
8,2,6,39,66863,5647899
8,2,6,40,66863,5680383
8,2,7,34,66863,5578761
8,2,8,30,66851,5595148
8,2,9,26,66863,5466779
8,2,10,24,66863,5481632
8,2,12,20,66863,5505998
8,2,13,18,66863,5366412
8,2,14,17,66839,5400588
8,2,15,16,66863,5407022
8,2,16,15,66863,5417573
8,2,17,14,66863,5386701
8,2,18,13,66863,5307600
8,2,20,12,66863,5354510
8,2,24,10,66863,5327087
8,2,26,9,66863,5266712
8,2,30,8,not found,not found
8,2,34,7,not found,not found
8,2,39,6,not found,not found
8,2,40,6,not found,not found
8,2,47,5,not found,not found
8,2,48,5,not found,not found
8,2,59,4,not found,not found
8,2,60,4,not found,not found
8,3,4,59,66863,6656687
8,3,4,60,66863,6658967
8,3,5,47,66863,6484976
8,3,5,48,66863,6575323
8,3,6,39,66851,6349083
8,3,6,40,66863,6412340
8,3,7,34,66863,6365398
8,3,8,30,66863,6327196
8,3,9,26,66863,6209371
8,3,10,24,66863,6280127
8,3,12,20,66863,6287277
8,3,13,18,66863,6118385
8,3,14,17,66863,6106068
8,3,15,16,66863,6158277
8,3,16,15,66863,6202901
8,3,17,14,66863,6095466
8,3,18,13,66863,6088306
8,3,20,12,66863,6109742
8,3,24,10,66863,6120581
8,3,26,9,66863,6026887
8,3,30,8,not found,not found
8,3,34,7,not found,not found
8,3,39,6,not found,not found
8,3,40,6,not found,not found
8,3,47,5,not found,not found
8,3,48,5,not found,not found
8,3,59,4,not found,not found
8,3,60,4,not found,not found
8,4,4,59,66863,7433258
8,4,4,60,66863,7456984
8,4,5,47,66863,7303224
8,4,5,48,66863,7321237
8,4,6,39,66863,7137274
8,4,6,40,66863,7200476
8,4,7,34,66863,7119509
8,4,8,30,66863,7072044
8,4,9,26,66863,6992377
8,4,10,24,66863,7067899
8,4,12,20,66863,7096576
8,4,13,18,66863,6922973
8,4,14,17,66863,6888910
8,4,15,16,66863,6966354
8,4,16,15,66863,7007086
8,4,17,14,66863,6881929
8,4,18,13,66863,6887572
8,4,20,12,66863,6901578
8,4,24,10,66863,6919979
8,4,26,9,66863,6805411
8,4,30,8,not found,not found
8,4,34,7,not found,not found
8,4,39,6,not found,not found
8,4,40,6,not found,not found
8,4,47,5,not found,not found
8,4,48,5,not found,not found
8,4,59,4,not found,not found
8,4,60,4,not found,not found
8,5,4,59,66863,8167844
8,5,4,60,66863,8270769
8,5,5,47,66863,8037458
8,5,5,48,66863,8061612
8,5,6,39,66863,7941320
8,5,6,40,66851,8020453
8,5,7,34,66851,7882994
8,5,8,30,66863,7854632
8,5,9,26,66863,7795917
8,5,10,24,66863,7888498
8,5,12,20,66851,7775494
8,5,13,18,66851,7720703
8,5,14,17,66863,7725120
8,5,15,16,66863,7709887
8,5,16,15,66863,7686135
8,5,17,14,66863,7705902
8,5,18,13,66863,7570726
8,5,20,12,66863,7730470
8,5,24,10,66863,7689003
8,5,26,9,66863,7638790
8,5,30,8,not found,not found
8,5,34,7,not found,not found
8,5,39,6,not found,not found
8,5,40,6,not found,not found
8,5,47,5,not found,not found
8,5,48,5,not found,not found
8,5,59,4,not found,not found
8,5,60,4,not found,not found
8,6,4,59,66863,8943716
8,6,4,60,66863,9076742
8,6,5,47,66863,8834318
8,6,5,48,66863,8875363
8,6,6,39,66863,8724615
8,6,6,40,66863,8803503
8,6,7,34,66863,8653144
8,6,8,30,66851,8616014
8,6,9,26,66851,8570318
8,6,10,24,66863,8671733
8,6,12,20,66863,8588258
8,6,13,18,66863,8499112
8,6,14,17,66863,8524520
8,6,15,16,66863,8509451
8,6,16,15,66863,8485906
8,6,17,14,66863,8471660
8,6,18,13,66851,8390967
8,6,20,12,66863,8499677
8,6,24,10,66863,8467301
8,6,26,9,66863,8364906
8,6,30,8,not found,not found
8,6,34,7,not found,not found
8,6,39,6,not found,not found
8,6,40,6,not found,not found
8,6,47,5,not found,not found
8,6,48,5,not found,not found
8,6,59,4,not found,not found
8,6,60,4,not found,not found
8,7,4,59,66839,9747050
8,7,4,60,66863,9840720
8,7,5,47,66863,9602245
8,7,5,48,66863,9677624
8,7,6,39,66863,9499778
8,7,6,40,66863,9575023
8,7,7,34,66863,9458432
8,7,8,30,66863,9412754
8,7,9,26,66863,9367264
8,7,10,24,66851,9494542
8,7,12,20,66863,9407036
8,7,13,18,66863,9291324
8,7,14,17,66863,9313146
8,7,15,16,66863,9297715
8,7,16,15,66863,9256359
8,7,17,14,66863,9233911
8,7,18,13,66863,9182423
8,7,20,12,66863,9284030
8,7,24,10,66863,9264200
8,7,26,9,66863,9156317
8,7,30,8,not found,not found
8,7,34,7,not found,not found
8,7,39,6,not found,not found
8,7,40,6,not found,not found
8,7,47,5,not found,not found
8,7,48,5,not found,not found
8,7,59,4,not found,not found
8,7,60,4,not found,not found
9,2,4,59,66863,5882442
9,2,4,60,66863,5906074
9,2,5,47,66863,5677220
9,2,5,48,66863,5784803
9,2,6,39,66863,5611018
9,2,6,40,66863,5672450
9,2,7,34,66863,5557580
9,2,8,30,66863,5570099
9,2,9,26,66863,5470580
9,2,10,24,66851,5490440
9,2,12,20,66863,5468068
9,2,13,18,66863,5358465
9,2,14,17,66863,5387965
9,2,15,16,66863,5390553
9,2,16,15,66863,5404957
9,2,17,14,66863,5387278
9,2,18,13,66863,5307587
9,2,20,12,66851,5380053
9,2,24,10,66863,5322997
9,2,26,9,66863,5266994
9,2,30,8,not found,not found
9,2,34,7,not found,not found
9,2,39,6,not found,not found
9,2,40,6,not found,not found
9,2,47,5,not found,not found
9,2,48,5,not found,not found
9,2,59,4,not found,not found
9,2,60,4,not found,not found
9,3,4,59,66863,6700243
9,3,4,60,66863,6648677
9,3,5,47,66863,6537031
9,3,5,48,66863,6560215
9,3,6,39,66863,6419884
9,3,6,40,66863,6481550
9,3,7,34,66863,6353754
9,3,8,30,66863,6349544
9,3,9,26,66863,6278679
9,3,10,24,66863,6358908
9,3,12,20,66863,6243034
9,3,13,18,66863,6107595
9,3,14,17,66863,6175871
9,3,15,16,66863,6113880
9,3,16,15,66851,6192676
9,3,17,14,66863,6152527
9,3,18,13,66863,6123886
9,3,20,12,66863,6108659
9,3,24,10,66863,6148134
9,3,26,9,66863,6045630
9,3,30,8,not found,not found
9,3,34,7,not found,not found
9,3,39,6,not found,not found
9,3,40,6,not found,not found
9,3,47,5,not found,not found
9,3,48,5,not found,not found
9,3,59,4,not found,not found
9,3,60,4,not found,not found
9,4,4,59,66863,7433562
9,4,4,60,66863,7439981
9,4,5,47,66863,7248091
9,4,5,48,66863,7347666
9,4,6,39,66863,7184853
9,4,6,40,66863,7260923
9,4,7,34,66863,7115338
9,4,8,30,66851,7182451
9,4,9,26,66863,7057659
9,4,10,24,66863,7030401
9,4,12,20,66863,7067654
9,4,13,18,66863,6913829
9,4,14,17,66863,6918614
9,4,15,16,66863,6930357
9,4,16,15,66863,6995181
9,4,17,14,66863,6895267
9,4,18,13,66863,6808371
9,4,20,12,66863,6906594
9,4,24,10,66863,6933858
9,4,26,9,66851,6835339
9,4,30,8,not found,not found
9,4,34,7,not found,not found
9,4,39,6,not found,not found
9,4,40,6,not found,not found
9,4,47,5,not found,not found
9,4,48,5,not found,not found
9,4,59,4,not found,not found
9,4,60,4,not found,not found
9,5,4,59,66863,8187475
9,5,4,60,66863,8164745
9,5,5,47,66863,8044151
9,5,5,48,66863,8135496
9,5,6,39,66863,7933440
9,5,6,40,66863,7945154
9,5,7,34,66863,7876524
9,5,8,30,66851,7842268
9,5,9,26,66851,7848323
9,5,10,24,66863,7812815
9,5,12,20,66863,7772440
9,5,13,18,66863,7712549
9,5,14,17,66863,7674376
9,5,15,16,66863,7685612
9,5,16,15,66863,7698657
9,5,17,14,66863,7668521
9,5,18,13,66863,7627517
9,5,20,12,66863,7721772
9,5,24,10,66863,7720213
9,5,26,9,66863,7569225
9,5,30,8,not found,not found
9,5,34,7,not found,not found
9,5,39,6,not found,not found
9,5,40,6,not found,not found
9,5,47,5,not found,not found
9,5,48,5,not found,not found
9,5,59,4,not found,not found
9,5,60,4,not found,not found
9,6,4,59,66863,8941505
9,6,4,60,66851,8953505
9,6,5,47,66863,8802232
9,6,5,48,66863,8932227
9,6,6,39,66863,8730168
9,6,6,40,66863,8741846
9,6,7,34,66863,8646915
9,6,8,30,66863,8599407
9,6,9,26,66863,8619329
9,6,10,24,66863,8600980
9,6,12,20,66863,8555725
9,6,13,18,66851,8478287
9,6,14,17,66839,8456965
9,6,15,16,66863,8481134
9,6,16,15,66863,8485348
9,6,17,14,66863,8441928
9,6,18,13,66851,8388478
9,6,20,12,66863,8538902
9,6,24,10,66863,8498362
9,6,26,9,66863,8390397
9,6,30,8,not found,not found
9,6,34,7,not found,not found
9,6,39,6,not found,not found
9,6,40,6,not found,not found
9,6,47,5,not found,not found
9,6,48,5,not found,not found
9,6,59,4,not found,not found
9,6,60,4,not found,not found
9,7,4,59,66863,9753026
9,7,4,60,66863,9752576
9,7,5,47,66863,9600241
9,7,5,48,66863,9743855
9,7,6,39,66863,9549137
9,7,6,40,66863,9518130
9,7,7,34,66863,9453324
9,7,8,30,66863,9387590
9,7,9,26,66863,9425500
9,7,10,24,66863,9411532
9,7,12,20,66863,9344140
9,7,13,18,66863,9257722
9,7,14,17,66863,9253402
9,7,15,16,66863,9256285
9,7,16,15,66863,9290420
9,7,17,14,66863,9225418
9,7,18,13,66863,9155200
9,7,20,12,66863,9348828
9,7,24,10,66839,9277349
9,7,26,9,66863,9165882
9,7,30,8,not found,not found
9,7,34,7,not found,not found
9,7,39,6,not found,not found
9,7,40,6,not found,not found
9,7,47,5,not found,not found
9,7,48,5,not found,not found
9,7,59,4,not found,not found
9,7,60,4,not found,not found
9,8,4,59,66863,10526731
9,8,4,60,66863,10517365
9,8,5,47,66863,10399519
9,8,5,48,66863,10499711
9,8,6,39,66863,10357119
9,8,6,40,66863,10330091
9,8,7,34,66863,10256002
9,8,8,30,66863,10229121
9,8,9,26,66863,10215508
9,8,10,24,66851,10209612
9,8,12,20,66863,10172831
9,8,13,18,66851,10038240
9,8,14,17,66863,10025123
9,8,15,16,66863,10046385
9,8,16,15,66863,10109914
9,8,17,14,66863,9997336
9,8,18,13,66863,9969802
9,8,20,12,66863,10160984
9,8,24,10,66863,10083511
9,8,26,9,66863,9963627
9,8,30,8,not found,not found
9,8,34,7,not found,not found
9,8,39,6,not found,not found
9,8,40,6,not found,not found
9,8,47,5,not found,not found
9,8,48,5,not found,not found
9,8,59,4,not found,not found
9,8,60,4,not found,not found
10,2,4,59,66863,5918731
10,2,4,60,66863,5904797
10,2,5,47,66863,5730822
10,2,5,48,66863,5787942
10,2,6,39,66863,5634519
10,2,6,40,66863,5688268
10,2,7,34,66863,5573097
10,2,8,30,66863,5564140
10,2,9,26,66863,5494899
10,2,10,24,66863,5518296
10,2,12,20,66839,5500622
10,2,13,18,66851,5386882
10,2,14,17,66863,5445474
10,2,15,16,66851,5435455
10,2,16,15,66863,5424848
10,2,17,14,66863,5390400
10,2,18,13,66863,5297821
10,2,20,12,66851,5362041
10,2,24,10,66863,5347562
10,2,26,9,66851,5320016
10,2,30,8,not found,not found
10,2,34,7,not found,not found
10,2,39,6,not found,not found
10,2,40,6,not found,not found
10,2,47,5,not found,not found
10,2,48,5,not found,not found
10,2,59,4,not found,not found
10,2,60,4,not found,not found
10,3,4,59,66863,6662739
10,3,4,60,66863,6670032
10,3,5,47,66863,6470296
10,3,5,48,66863,6590852
10,3,6,39,66863,6421014
10,3,6,40,66863,6495440
10,3,7,34,66863,6320315
10,3,8,30,66863,6354552
10,3,9,26,66851,6280363
10,3,10,24,66863,6308284
10,3,12,20,66863,6298890
10,3,13,18,66863,6192337
10,3,14,17,66863,6151021
10,3,15,16,66863,6156362
10,3,16,15,66863,6197392
10,3,17,14,66863,6132690
10,3,18,13,66863,6116449
10,3,20,12,66863,6159448
10,3,24,10,66863,6076455
10,3,26,9,66863,6062169
10,3,30,8,not found,not found
10,3,34,7,not found,not found
10,3,39,6,not found,not found
10,3,40,6,not found,not found
10,3,47,5,not found,not found
10,3,48,5,not found,not found
10,3,59,4,not found,not found
10,3,60,4,not found,not found
10,4,4,59,66863,7417058
10,4,4,60,66863,7446061
10,4,5,47,66851,7219148
10,4,5,48,66863,7348748
10,4,6,39,66863,7101133
10,4,6,40,66863,7206894
10,4,7,34,66851,7123942
10,4,8,30,66839,7124250
10,4,9,26,66863,7079859
10,4,10,24,66863,7065649
10,4,12,20,66863,7038983
10,4,13,18,66863,6889123
10,4,14,17,66863,6923841
10,4,15,16,66863,6934477
10,4,16,15,66863,6958499
10,4,17,14,66863,6876691
10,4,18,13,66863,6894247
10,4,20,12,66851,6940969
10,4,24,10,66863,6871197
10,4,26,9,66851,6853335
10,4,30,8,not found,not found
10,4,34,7,not found,not found
10,4,39,6,not found,not found
10,4,40,6,not found,not found
10,4,47,5,not found,not found
10,4,48,5,not found,not found
10,4,59,4,not found,not found
10,4,60,4,not found,not found
10,5,4,59,66863,8212060
10,5,4,60,66863,8262173
10,5,5,47,66863,8008301
10,5,5,48,66863,8108458
10,5,6,39,66863,7864426
10,5,6,40,66863,8008901
10,5,7,34,66863,7879245
10,5,8,30,66863,7930529
10,5,9,26,66863,7878206
10,5,10,24,66863,7846550
10,5,12,20,66863,7862262
10,5,13,18,66851,7711701
10,5,14,17,66863,7729544
10,5,15,16,66863,7701777
10,5,16,15,66851,7756041
10,5,17,14,66863,7647943
10,5,18,13,66863,7665364
10,5,20,12,66863,7742938
10,5,24,10,66863,7668381
10,5,26,9,66863,7658854
10,5,30,8,not found,not found
10,5,34,7,not found,not found
10,5,39,6,not found,not found
10,5,40,6,not found,not found
10,5,47,5,not found,not found
10,5,48,5,not found,not found
10,5,59,4,not found,not found
10,5,60,4,not found,not found
10,6,4,57,66863,8957278
10,6,4,58,66863,8930595
10,6,5,45,66863,8732427
10,6,5,46,66863,8816253
10,6,6,38,66863,8583544
10,6,7,33,66863,8623410
10,6,8,29,66863,8503178
10,6,9,25,66863,8547857
10,6,10,23,66863,8400350
10,6,11,21,66863,8423426
10,6,12,19,66863,8400205
10,6,15,15,66851,8293461
10,6,19,12,66863,8327972
10,6,21,11,66863,8368830
10,6,23,10,66863,8346960
10,6,25,9,66863,8301230
10,6,29,8,not found,not found
10,6,33,7,not found,not found
10,6,38,6,not found,not found
10,6,45,5,not found,not found
10,6,46,5,not found,not found
10,6,57,4,not found,not found
10,6,58,4,not found,not found
10,7,4,57,66863,9730495
10,7,4,58,66863,9720359
10,7,5,45,66863,9503968
10,7,5,46,66863,9623476
10,7,6,38,66851,9381228
10,7,7,33,66863,9378229
10,7,8,29,66863,9312976
10,7,9,25,66863,9345662
10,7,10,23,66863,9188338
10,7,11,21,66851,9250395
10,7,12,19,66863,9201800
10,7,15,15,66863,9072435
10,7,19,12,66863,9115537
10,7,21,11,66863,9178508
10,7,23,10,66863,9113298
10,7,25,9,66863,9119394
10,7,29,8,not found,not found
10,7,33,7,not found,not found
10,7,38,6,not found,not found
10,7,45,5,not found,not found
10,7,46,5,not found,not found
10,7,57,4,not found,not found
10,7,58,4,not found,not found
10,8,4,57,66863,10530682
10,8,4,58,66863,10533211
10,8,5,45,66863,10277100
10,8,5,46,66851,10409902
10,8,6,38,66863,10162375
10,8,7,33,66863,10154841
10,8,8,29,66851,10089413
10,8,9,25,66863,10127207
10,8,10,23,66863,9960004
10,8,11,21,66863,10043873
10,8,12,19,66851,9973625
10,8,15,15,66863,9865497
10,8,19,12,66851,9904579
10,8,21,11,66863,10006584
10,8,23,10,66863,9902066
10,8,25,9,66839,9912825
10,8,29,8,not found,not found
10,8,33,7,not found,not found
10,8,38,6,not found,not found
10,8,45,5,not found,not found
10,8,46,5,not found,not found
10,8,57,4,not found,not found
10,8,58,4,not found,not found
10,9,4,57,66863,11323542
10,9,4,58,66863,11338625
10,9,5,45,66863,11085776
10,9,5,46,66839,11223733
10,9,6,38,66863,10953119
10,9,7,33,66863,10941931
10,9,8,29,66863,10858362
10,9,9,25,66863,10901319
10,9,10,23,66863,10728438
10,9,11,21,66863,10816689
10,9,12,19,66863,10794210
10,9,15,15,66863,10638525
10,9,19,12,66863,10677515
10,9,21,11,66851,10766617
10,9,23,10,66863,10666216
10,9,25,9,66863,10703221
10,9,29,8,not found,not found
10,9,33,7,not found,not found
10,9,38,6,not found,not found
10,9,45,5,not found,not found
10,9,46,5,not found,not found
10,9,57,4,not found,not found
10,9,58,4,not found,not found
11,2,4,59,66863,5902706
11,2,4,60,66863,5891802
11,2,5,47,66863,5722493
11,2,5,48,66863,5809161
11,2,6,39,66863,5643295
11,2,6,40,66863,5700935
11,2,7,34,66851,5548327
11,2,8,30,66863,5585597
11,2,9,26,66863,5532850
11,2,10,24,66863,5544444
11,2,12,20,66863,5504721
11,2,13,18,66863,5386869
11,2,14,17,66863,5404310
11,2,15,16,66863,5426933
11,2,16,15,66863,5424823
11,2,17,14,66863,5398326
11,2,18,13,66863,5323318
11,2,20,12,66863,5374658
11,2,24,10,66863,5389841
11,2,26,9,66863,5273378
11,2,30,8,not found,not found
11,2,34,7,not found,not found
11,2,39,6,not found,not found
11,2,40,6,not found,not found
11,2,47,5,not found,not found
11,2,48,5,not found,not found
11,2,59,4,not found,not found
11,2,60,4,not found,not found
11,3,4,59,66863,6693521
11,3,4,60,66863,6721715
11,3,5,47,66863,6465763
11,3,5,48,66863,6556890
11,3,6,39,66863,6433974
11,3,6,40,66863,6470464
11,3,7,34,66863,6317489
11,3,8,30,66863,6385246
11,3,9,26,66863,6293303
11,3,10,24,66863,6305516
11,3,12,20,66851,6256827
11,3,13,18,66863,6121964
11,3,14,17,66863,6167568
11,3,15,16,66863,6149160
11,3,16,15,66863,6188756
11,3,17,14,66863,6171588
11,3,18,13,66863,6120548
11,3,20,12,66863,6138947
11,3,24,10,66863,6141259
11,3,26,9,66863,6075357
11,3,30,8,not found,not found
11,3,34,7,not found,not found
11,3,39,6,not found,not found
11,3,40,6,not found,not found
11,3,47,5,not found,not found
11,3,48,5,not found,not found
11,3,59,4,not found,not found
11,3,60,4,not found,not found
11,4,4,57,66863,7334830
11,4,4,58,66863,7338199
11,4,5,45,66863,7167586
11,4,5,46,66863,7187302
11,4,6,38,66863,7086116
11,4,7,33,66863,7151659
11,4,8,29,66851,6956542
11,4,9,25,66863,6975205
11,4,10,23,66863,6969821
11,4,11,21,66863,6915506
11,4,12,19,66863,6912883
11,4,15,15,66863,6783381
11,4,19,12,66863,6820042
11,4,21,11,66863,6873287
11,4,23,10,66863,6919595
11,4,25,9,66863,6763702
11,4,29,8,not found,not found
11,4,33,7,not found,not found
11,4,38,6,not found,not found
11,4,45,5,not found,not found
11,4,46,5,not found,not found
11,4,57,4,not found,not found
11,4,58,4,not found,not found
11,5,4,57,66863,8163748
11,5,4,58,66863,8132875
11,5,5,45,66863,7983213
11,5,5,46,66863,7969088
11,5,6,38,66863,7854995
11,5,7,33,66863,7945778
11,5,8,29,66863,7779293
11,5,9,25,66863,7747176
11,5,10,23,66863,7733094
11,5,11,21,66863,7704777
11,5,12,19,66863,7718948
11,5,15,15,66863,7576043
11,5,19,12,66863,7630181
11,5,21,11,66863,7644932
11,5,23,10,66863,7709634
11,5,25,9,66851,7547739
11,5,29,8,not found,not found
11,5,33,7,not found,not found
11,5,38,6,not found,not found
11,5,45,5,not found,not found
11,5,46,5,not found,not found
11,5,57,4,not found,not found
11,5,58,4,not found,not found
11,6,4,57,66863,8912711
11,6,4,58,66863,8894282
11,6,5,45,66863,8699555
11,6,5,46,66863,8733014
11,6,6,38,66863,8643288
11,6,7,33,66851,8551819
11,6,8,29,66863,8620096
11,6,9,25,66863,8501604
11,6,10,23,66863,8445958
11,6,11,21,66863,8412433
11,6,12,19,66851,8409121
11,6,15,15,66863,8429999
11,6,19,12,66863,8329934
11,6,21,11,66851,8463111
11,6,23,10,66863,8322950
11,6,25,9,66863,8335593
11,6,29,8,not found,not found
11,6,33,7,not found,not found
11,6,38,6,not found,not found
11,6,45,5,not found,not found
11,6,46,5,not found,not found
11,6,57,4,not found,not found
11,6,58,4,not found,not found
11,7,4,57,66863,9681224
11,7,4,58,66863,9701648
11,7,5,45,66851,9523719
11,7,5,46,66863,9548249
11,7,6,38,66863,9445514
11,7,7,33,66863,9345710
11,7,8,29,66863,9418404
11,7,9,25,66863,9307613
11,7,10,23,66863,9238677
11,7,11,21,66851,9188118
11,7,12,19,66863,9215286
11,7,15,15,66863,9227064
11,7,19,12,66863,9113591
11,7,21,11,66863,9269321
11,7,23,10,66863,9110786
11,7,25,9,66863,9123861
11,7,29,8,not found,not found
11,7,33,7,not found,not found
11,7,38,6,not found,not found
11,7,45,5,not found,not found
11,7,46,5,not found,not found
11,7,57,4,not found,not found
11,7,58,4,not found,not found
11,8,4,57,66863,10468640
11,8,4,58,66863,10510670
11,8,5,45,66863,10323323
11,8,5,46,66863,10317248
11,8,6,38,66863,10231487
11,8,7,33,66863,10153012
11,8,8,29,66863,10213456
11,8,9,25,66863,10092918
11,8,10,23,66863,10028379
11,8,11,21,66863,9942862
11,8,12,19,66863,10013491
11,8,15,15,66863,9995154
11,8,19,12,66863,9902610
11,8,21,11,66863,10093934
11,8,23,10,66863,9895603
11,8,25,9,66863,9939308
11,8,29,8,not found,not found
11,8,33,7,not found,not found
11,8,38,6,not found,not found
11,8,45,5,not found,not found
11,8,46,5,not found,not found
11,8,57,4,not found,not found
11,8,58,4,not found,not found
11,9,4,57,66863,11248055
11,9,4,58,66863,11312507
11,9,5,45,66851,11098272
11,9,5,46,66863,11117765
11,9,6,38,66863,10996408
11,9,7,33,66863,10918456
11,9,8,29,66863,10987831
11,9,9,25,66863,10893288
11,9,10,23,66863,10832642
11,9,11,21,66863,10728841
11,9,12,19,66863,10787372
11,9,15,15,66863,10789807
11,9,19,12,66863,10706444
11,9,21,11,66863,10876564
11,9,23,10,66863,10690637
11,9,25,9,66863,10712778
11,9,29,8,not found,not found
11,9,33,7,not found,not found
11,9,38,6,not found,not found
11,9,45,5,not found,not found
11,9,46,5,not found,not found
11,9,57,4,not found,not found
11,9,58,4,not found,not found
12,2,4,59,66863,5934858
12,2,4,60,66863,5946070
12,2,5,47,66863,5725386
12,2,5,48,66863,5833291
12,2,6,39,66863,5671787
12,2,6,40,66851,5737948
12,2,7,34,66863,5614438
12,2,8,30,66863,5597537
12,2,9,26,66863,5480423
12,2,10,24,66863,5535225
12,2,12,20,66863,5452858
12,2,13,18,66863,5435856
12,2,14,17,66863,5432387
12,2,15,16,66863,5430325
12,2,16,15,66863,5428263
12,2,17,14,66863,5405873
12,2,18,13,66863,5355854
12,2,20,12,66863,5406906
12,2,24,10,66863,5374797
12,2,26,9,66863,5323137
12,2,30,8,not found,not found
12,2,34,7,not found,not found
12,2,39,6,not found,not found
12,2,40,6,not found,not found
12,2,47,5,not found,not found
12,2,48,5,not found,not found
12,2,59,4,not found,not found
12,2,60,4,not found,not found
12,3,4,59,66863,6670725
12,3,4,60,66863,6676615
12,3,5,47,66863,6518953
12,3,5,48,66863,6648186
12,3,6,39,66863,6431489
12,3,6,40,66863,6549402
12,3,7,34,66863,6378280
12,3,8,30,66863,6361406
12,3,9,26,66863,6257116
12,3,10,24,66863,6332609
12,3,12,20,66863,6313742
12,3,13,18,66863,6195051
12,3,14,17,66851,6203702
12,3,15,16,66863,6248253
12,3,16,15,66851,6174670
12,3,17,14,66863,6160559
12,3,18,13,66863,6156424
12,3,20,12,66851,6170392
12,3,24,10,66863,6138473
12,3,26,9,66863,6019144
12,3,30,8,not found,not found
12,3,34,7,not found,not found
12,3,39,6,not found,not found
12,3,40,6,not found,not found
12,3,47,5,not found,not found
12,3,48,5,not found,not found
12,3,59,4,not found,not found
12,3,60,4,not found,not found
12,4,4,57,66863,7370327
12,4,4,58,66863,7377552
12,4,5,45,66851,7206350
12,4,5,46,66863,7192137
12,4,6,38,66863,7116767
12,4,7,33,66863,7135074
12,4,8,29,66851,6999894
12,4,9,25,66851,7006485
12,4,10,23,66863,6982996
12,4,11,21,66863,6976093
12,4,12,19,66863,6963756
12,4,15,15,66863,6859947
12,4,19,12,66851,6835152
12,4,21,11,66863,6916980
12,4,23,10,66851,6807485
12,4,25,9,66863,6841710
12,4,29,8,not found,not found
12,4,33,7,not found,not found
12,4,38,6,not found,not found
12,4,45,5,not found,not found
12,4,46,5,not found,not found
12,4,57,4,not found,not found
12,4,58,4,not found,not found
12,5,4,57,66863,8112335
12,5,4,58,66863,8150941
12,5,5,45,66863,7987630
12,5,5,46,66863,7993843
12,5,6,38,66863,7847731
12,5,7,33,66863,7876927
12,5,8,29,66863,7900732
12,5,9,25,66863,7849075
12,5,10,23,66863,7776214
12,5,11,21,66863,7683789
12,5,12,19,66863,7716393
12,5,15,15,66863,7593771
12,5,19,12,66851,7644820
12,5,21,11,66863,7590865
12,5,23,10,66863,7565260
12,5,25,9,66863,7549600
12,5,29,8,not found,not found
12,5,33,7,not found,not found
12,5,38,6,not found,not found
12,5,45,5,not found,not found
12,5,46,5,not found,not found
12,5,57,4,not found,not found
12,5,58,4,not found,not found
12,6,4,57,66863,8899472
12,6,4,58,66863,8951122
12,6,5,45,66863,8774083
12,6,5,46,66863,8798216
12,6,6,38,66863,8633828
12,6,7,33,66863,8658982
12,6,8,29,66863,8713377
12,6,9,25,66863,8601209
12,6,10,23,66863,8527468
12,6,11,21,66863,8465382
12,6,12,19,66863,8498259
12,6,15,15,66863,8370661
12,6,19,12,66863,8426130
12,6,21,11,66863,8371646
12,6,23,10,66863,8367227
12,6,25,9,66863,8334765
12,6,29,8,not found,not found
12,6,33,7,not found,not found
12,6,38,6,not found,not found
12,6,45,5,not found,not found
12,6,46,5,not found,not found
12,6,57,4,not found,not found
12,6,58,4,not found,not found
12,7,4,57,66863,9721380
12,7,4,58,66863,9629558
12,7,5,45,66863,9491015
12,7,5,46,66863,9536394
12,7,6,38,66863,9410539
12,7,7,33,66863,9444682
12,7,8,29,66863,9360001
12,7,9,25,66863,9344260
12,7,10,23,66851,9197301
12,7,11,21,66863,9241607
12,7,12,19,66863,9315490
12,7,15,15,66863,9225273
12,7,19,12,66863,9129291
12,7,21,11,66863,9148092
12,7,23,10,66863,9187528
12,7,25,9,66863,9117896
12,7,29,8,not found,not found
12,7,33,7,not found,not found
12,7,38,6,not found,not found
12,7,45,5,not found,not found
12,7,46,5,not found,not found
12,7,57,4,not found,not found
12,7,58,4,not found,not found
12,8,4,57,66863,10518066
12,8,4,58,66863,10381124
12,8,5,45,66863,10294707
12,8,5,46,66863,10310437
12,8,6,38,66863,10205668
12,8,7,33,66863,10252511
12,8,8,29,66851,10159264
12,8,9,25,66863,10135093
12,8,10,23,66863,9986773
12,8,11,21,66863,10048606
12,8,12,19,66839,10114748
12,8,15,15,66863,10015133
12,8,19,12,66863,9945213
12,8,21,11,66863,9946578
12,8,23,10,66863,9973556
12,8,25,9,66863,9889801
12,8,29,8,not found,not found
12,8,33,7,not found,not found
12,8,38,6,not found,not found
12,8,45,5,not found,not found
12,8,46,5,not found,not found
12,8,57,4,not found,not found
12,8,58,4,not found,not found
12,9,4,57,66863,11315399
12,9,4,58,66851,11186017
12,9,5,45,66863,11069513
12,9,5,46,66863,11067873
12,9,6,38,66863,10988393
12,9,7,33,66851,11075396
12,9,8,29,66851,10968341
12,9,9,25,66863,10882748
12,9,10,23,66863,10803864
12,9,11,21,66863,10857519
12,9,12,19,66863,10910463
12,9,15,15,66851,10806764
12,9,19,12,66851,10758091
12,9,21,11,66863,10694112
12,9,23,10,66863,10756202
12,9,25,9,66851,10659075
12,9,29,8,not found,not found
12,9,33,7,not found,not found
12,9,38,6,not found,not found
12,9,45,5,not found,not found
12,9,46,5,not found,not found
12,9,57,4,not found,not found
12,9,58,4,not found,not found
13,2,4,59,66863,5926836
13,2,4,60,66863,5916465
13,2,5,47,66863,5754574
13,2,5,48,66863,5838280
13,2,6,39,66863,5680075
13,2,6,40,66863,5713141
13,2,7,34,66863,5597126
13,2,8,30,66863,5597229
13,2,9,26,66851,5523039
13,2,10,24,66863,5552290
13,2,12,20,66863,5516960
13,2,13,18,66863,5377347
13,2,14,17,66863,5424172
13,2,15,16,66863,5455336
13,2,16,15,66863,5381804
13,2,17,14,66863,5417944
13,2,18,13,66863,5313867
13,2,20,12,66863,5390718
13,2,24,10,66863,5376187
13,2,26,9,66863,5294052
13,2,30,8,not found,not found
13,2,34,7,not found,not found
13,2,39,6,not found,not found
13,2,40,6,not found,not found
13,2,47,5,not found,not found
13,2,48,5,not found,not found
13,2,59,4,not found,not found
13,2,60,4,not found,not found
13,3,4,57,66863,6596804
13,3,4,58,66863,6607920
13,3,5,45,66863,6420939
13,3,5,46,66851,6486895
13,3,6,38,66863,6344208
13,3,7,33,66863,6341862
13,3,8,29,66863,6324810
13,3,9,25,66863,6200492
13,3,10,23,66851,6215225
13,3,11,21,66863,6166140
13,3,12,19,66839,6150756
13,3,15,15,66863,6088676
13,3,19,12,66851,6067097
13,3,21,11,66851,6051154
13,3,23,10,66863,6068151
13,3,25,9,66851,6015074
13,3,29,8,not found,not found
13,3,33,7,not found,not found
13,3,38,6,not found,not found
13,3,45,5,not found,not found
13,3,46,5,not found,not found
13,3,57,4,not found,not found
13,3,58,4,not found,not found
13,4,4,57,66863,7378935
13,4,4,58,66863,7417223
13,4,5,45,66863,7202481
13,4,5,46,66851,7218555
13,4,6,38,66863,7164915
13,4,7,33,66863,7093330
13,4,8,29,66863,7081369
13,4,9,25,66851,6917723
13,4,10,23,66863,6984372
13,4,11,21,66863,6875780
13,4,12,19,66863,6902814
13,4,15,15,66863,6848304
13,4,19,12,66863,6868154
13,4,21,11,66863,6896171
13,4,23,10,66863,6783119
13,4,25,9,66851,6773535
13,4,29,8,not found,not found
13,4,33,7,not found,not found
13,4,38,6,not found,not found
13,4,45,5,not found,not found
13,4,46,5,not found,not found
13,4,57,4,not found,not found
13,4,58,4,not found,not found
13,5,4,57,66863,8171314
13,5,4,58,66863,8145146
13,5,5,45,66863,7929809
13,5,5,46,66863,7983660
13,5,6,38,66863,7827424
13,5,7,33,66863,7808093
13,5,8,29,66863,7846305
13,5,9,25,66863,7801979
13,5,10,23,66863,7766026
13,5,11,21,66863,7759173
13,5,12,19,66863,7627859
13,5,15,15,66851,7628943
13,5,19,12,66863,7521944
13,5,21,11,66863,7603743
13,5,23,10,66863,7592315
13,5,25,9,66863,7602296
13,5,29,8,not found,not found
13,5,33,7,not found,not found
13,5,38,6,not found,not found
13,5,45,5,not found,not found
13,5,46,5,not found,not found
13,5,57,4,not found,not found
13,5,58,4,not found,not found
13,6,4,57,66863,8959259
13,6,4,58,66863,8919647
13,6,5,45,66851,8725493
13,6,5,46,66851,8771362
13,6,6,38,66851,8630814
13,6,7,33,66863,8603287
13,6,8,29,66863,8671575
13,6,9,25,66863,8588681
13,6,10,23,66863,8556432
13,6,11,21,66863,8541149
13,6,12,19,66863,8430804
13,6,15,15,66863,8470406
13,6,19,12,66863,8311915
13,6,21,11,66863,8406651
13,6,23,10,66851,8378165
13,6,25,9,66863,8383274
13,6,29,8,not found,not found
13,6,33,7,not found,not found
13,6,38,6,not found,not found
13,6,45,5,not found,not found
13,6,46,5,not found,not found
13,6,57,4,not found,not found
13,6,58,4,not found,not found
13,7,4,57,66863,9689318
13,7,4,58,66863,9630598
13,7,5,45,66863,9566967
13,7,5,46,66863,9530156
13,7,6,38,66863,9389393
13,7,7,33,66863,9348843
13,7,8,29,66863,9270460
13,7,9,25,66863,9264461
13,7,10,23,66863,9350441
13,7,11,21,66863,9170715
13,7,12,19,66863,9232399
13,7,15,15,66863,9174063
13,7,19,12,66863,9142766
13,7,21,11,66863,9214811
13,7,23,10,66863,9145049
13,7,25,9,66863,9086426
13,7,29,8,not found,not found
13,7,33,7,not found,not found
13,7,38,6,not found,not found
13,7,45,5,not found,not found
13,7,46,5,not found,not found
13,7,57,4,not found,not found
13,7,58,4,not found,not found
13,8,4,57,66863,10485568
13,8,4,58,66863,10447775
13,8,5,45,66863,10345199
13,8,5,46,66863,10320921
13,8,6,38,66851,10184965
13,8,7,33,66863,10134922
13,8,8,29,66863,10034486
13,8,9,25,66863,10054881
13,8,10,23,66863,10088607
13,8,11,21,66863,9952186
13,8,12,19,66863,10000693
13,8,15,15,66863,9960000
13,8,19,12,66863,9911320
13,8,21,11,66863,9996356
13,8,23,10,66863,9913314
13,8,25,9,66851,9898014
13,8,29,8,not found,not found
13,8,33,7,not found,not found
13,8,38,6,not found,not found
13,8,45,5,not found,not found
13,8,46,5,not found,not found
13,8,57,4,not found,not found
13,8,58,4,not found,not found
13,9,4,57,66863,11234771
13,9,4,58,66863,11253548
13,9,5,45,66863,11094567
13,9,5,46,66863,11078382
13,9,6,38,66863,10998589
13,9,7,33,66863,10939800
13,9,8,29,66863,10843203
13,9,9,25,66863,10850500
13,9,10,23,66863,10858745
13,9,11,21,66863,10721464
13,9,12,19,66863,10826483
13,9,15,15,66863,10764674
13,9,19,12,66863,10693615
13,9,21,11,66863,10748094
13,9,23,10,66863,10692219
13,9,25,9,66863,10724046
13,9,29,8,not found,not found
13,9,33,7,not found,not found
13,9,38,6,not found,not found
13,9,45,5,not found,not found
13,9,46,5,not found,not found
13,9,57,4,not found,not found
13,9,58,4,not found,not found
14,2,4,59,66863,5921116
14,2,4,60,66863,5983230
14,2,5,47,66863,5757738
14,2,5,48,66863,5815153
14,2,6,39,66863,5670254
14,2,6,40,66863,5707757
14,2,7,34,66863,5604372
14,2,8,30,66863,5591279
14,2,9,26,66863,5551511
14,2,10,24,66851,5537789
14,2,12,20,66863,5524227
14,2,13,18,66863,5405474
14,2,14,17,66863,5422079
14,2,15,16,66863,5491972
14,2,16,15,66863,5435514
14,2,17,14,66863,5366712
14,2,18,13,66863,5363102
14,2,20,12,66863,5410333
14,2,24,10,66863,5433177
14,2,26,9,66863,5318375
14,2,30,8,not found,not found
14,2,34,7,not found,not found
14,2,39,6,not found,not found
14,2,40,6,not found,not found
14,2,47,5,not found,not found
14,2,48,5,not found,not found
14,2,59,4,not found,not found
14,2,60,4,not found,not found
14,3,4,57,66863,6554630
14,3,4,58,66863,6612693
14,3,5,45,66863,6395434
14,3,5,46,66863,6471101
14,3,6,38,66863,6348612
14,3,7,33,66863,6325569
14,3,8,29,66863,6261759
14,3,9,25,66863,6199545
14,3,10,23,66851,6283203
14,3,11,21,66863,6175757
14,3,12,19,66863,6164312
14,3,15,15,66863,6068065
14,3,19,12,66863,6075043
14,3,21,11,66863,6068518
14,3,23,10,66863,6086076
14,3,25,9,66863,6036591
14,3,29,8,not found,not found
14,3,33,7,not found,not found
14,3,38,6,not found,not found
14,3,45,5,not found,not found
14,3,46,5,not found,not found
14,3,57,4,not found,not found
14,3,58,4,not found,not found
14,4,4,57,66863,7286986
14,4,4,58,66863,7353811
14,4,5,45,66863,7152311
14,4,5,46,66863,7232984
14,4,6,38,66863,7123160
14,4,7,33,66863,7091086
14,4,8,29,66863,7026809
14,4,9,25,66863,6973322
14,4,10,23,66863,6989300
14,4,11,21,66863,6989895
14,4,12,19,66863,6953498
14,4,15,15,66851,6942009
14,4,19,12,66851,6894405
14,4,21,11,66863,6819895
14,4,23,10,66863,6842285
14,4,25,9,66863,6795094
14,4,29,8,not found,not found
14,4,33,7,not found,not found
14,4,38,6,not found,not found
14,4,45,5,not found,not found
14,4,46,5,not found,not found
14,4,57,4,not found,not found
14,4,58,4,not found,not found
14,5,4,57,66863,8154979
14,5,4,58,66851,8242683
14,5,5,45,66863,8008316
14,5,5,46,66863,7938592
14,5,6,38,66863,7844632
14,5,7,33,66863,7881776
14,5,8,29,66863,7820831
14,5,9,25,66863,7706759
14,5,10,23,66863,7765623
14,5,11,21,66863,7636465
14,5,12,19,66863,7584631
14,5,15,15,66863,7600542
14,5,19,12,66863,7628716
14,5,21,11,66863,7665217
14,5,23,10,66863,7579700
14,5,25,9,66863,7586420
14,5,29,8,not found,not found
14,5,33,7,not found,not found
14,5,38,6,not found,not found
14,5,45,5,not found,not found
14,5,46,5,not found,not found
14,5,57,4,not found,not found
14,5,58,4,not found,not found
14,6,4,57,66863,8925681
14,6,4,58,66863,9056853
14,6,5,45,66863,8769553
14,6,5,46,66863,8764252
14,6,6,38,66863,8652862
14,6,7,33,66863,8664997
14,6,8,29,66863,8582237
14,6,9,25,66863,8510384
14,6,10,23,66863,8560811
14,6,11,21,66863,8434903
14,6,12,19,66863,8400521
14,6,15,15,66863,8390615
14,6,19,12,66863,8427346
14,6,21,11,66863,8477743
14,6,23,10,66863,8352890
14,6,25,9,66863,8367584
14,6,29,8,not found,not found
14,6,33,7,not found,not found
14,6,38,6,not found,not found
14,6,45,5,not found,not found
14,6,46,5,not found,not found
14,6,57,4,not found,not found
14,6,58,4,not found,not found
14,7,4,57,66863,9727464
14,7,4,58,66863,9855522
14,7,5,45,66863,9579496
14,7,5,46,66863,9561372
14,7,6,38,66863,9471016
14,7,7,33,66863,9465774
14,7,8,29,66863,9391138
14,7,9,25,66863,9315139
14,7,10,23,66851,9339851
14,7,11,21,66851,9273269
14,7,12,19,66863,9187888
14,7,15,15,66863,9160602
14,7,19,12,66863,9197804
14,7,21,11,66863,9261049
14,7,23,10,66863,9131147
14,7,25,9,66863,9154430
14,7,29,8,not found,not found
14,7,33,7,not found,not found
14,7,38,6,not found,not found
14,7,45,5,not found,not found
14,7,46,5,not found,not found
14,7,57,4,not found,not found
14,7,58,4,not found,not found
14,8,4,57,66863,10452029
14,8,4,58,66863,10534458
14,8,5,45,66863,10310830
14,8,5,46,66863,10332515
14,8,6,38,66863,10194869
14,8,7,33,66863,10183948
14,8,8,29,66863,10085641
14,8,9,25,66863,10049817
14,8,10,23,66863,10037886
14,8,11,21,66863,9984370
14,8,12,19,66863,10025925
14,8,15,15,66863,9917368
14,8,19,12,66863,9942902
14,8,21,11,66863,10011572
14,8,23,10,66863,9924583
14,8,25,9,66863,9896635
14,8,29,8,not found,not found
14,8,33,7,not found,not found
14,8,38,6,not found,not found
14,8,45,5,not found,not found
14,8,46,5,not found,not found
14,8,57,4,not found,not found
14,8,58,4,not found,not found
14,9,4,57,66863,11197073
14,9,4,58,66863,11328084
14,9,5,45,66851,11073702
14,9,5,46,66863,11116524
14,9,6,38,66863,10956451
14,9,7,33,66863,10941831
14,9,8,29,66863,10868733
14,9,9,25,66863,10837711
14,9,10,23,66863,10873442
14,9,11,21,66863,10819100
14,9,12,19,66863,10804689
14,9,15,15,66863,10717568
14,9,19,12,66863,10748070
14,9,21,11,66863,10803688
14,9,23,10,66863,10724833
14,9,25,9,66863,10675835
14,9,29,8,not found,not found
14,9,33,7,not found,not found
14,9,38,6,not found,not found
14,9,45,5,not found,not found
14,9,46,5,not found,not found
14,9,57,4,not found,not found
14,9,58,4,not found,not found
15,2,4,59,66851,5925755
15,2,4,60,66863,5949428
15,2,5,47,66863,5766516
15,2,5,48,66863,5840792
15,2,6,39,66863,5675186
15,2,6,40,66863,5704143
15,2,7,34,66863,5626305
15,2,8,30,66863,5638666
15,2,9,26,66863,5535492
15,2,10,24,66863,5529210
15,2,12,20,66863,5490038
15,2,13,18,66863,5423005
15,2,14,17,66863,5477265
15,2,15,16,66863,5450156
15,2,16,15,66863,5440127
15,2,17,14,66863,5417488
15,2,18,13,66863,5334230
15,2,20,12,66863,5418793
15,2,24,10,66863,5399611
15,2,26,9,66851,5343836
15,2,30,8,not found,not found
15,2,34,7,not found,not found
15,2,39,6,not found,not found
15,2,40,6,not found,not found
15,2,47,5,not found,not found
15,2,48,5,not found,not found
15,2,59,4,not found,not found
15,2,60,4,not found,not found
15,3,4,57,66863,6586215
15,3,4,58,66863,6678375
15,3,5,45,66863,6457201
15,3,5,46,66863,6493429
15,3,6,38,66851,6392604
15,3,7,33,66863,6349022
15,3,8,29,66863,6280784
15,3,9,25,66863,6239910
15,3,10,23,66863,6264917
15,3,11,21,66851,6239835
15,3,12,19,66863,6144680
15,3,15,15,66863,6078523
15,3,19,12,66863,6127659
15,3,21,11,66851,6147386
15,3,23,10,66863,6083837
15,3,25,9,66863,6054983
15,3,29,8,not found,not found
15,3,33,7,not found,not found
15,3,38,6,not found,not found
15,3,45,5,not found,not found
15,3,46,5,not found,not found
15,3,57,4,not found,not found
15,3,58,4,not found,not found
15,4,4,57,66863,7377340
15,4,4,58,66863,7385661
15,4,5,45,66863,7201377
15,4,5,46,66863,7233872
15,4,6,38,66863,7171318
15,4,7,33,66863,7122030
15,4,8,29,66863,7011650
15,4,9,25,66863,7008419
15,4,10,23,66863,6938312
15,4,11,21,66863,6953703
15,4,12,19,66863,6912807
15,4,15,15,66851,6829261
15,4,19,12,66863,6858437
15,4,21,11,66863,6822812
15,4,23,10,66863,6869544
15,4,25,9,66863,6818728
15,4,29,8,not found,not found
15,4,33,7,not found,not found
15,4,38,6,not found,not found
15,4,45,5,not found,not found
15,4,46,5,not found,not found
15,4,57,4,not found,not found
15,4,58,4,not found,not found
15,5,4,57,66863,8158855
15,5,4,58,66851,8171390
15,5,5,45,66863,8011955
15,5,5,46,66863,8027453
15,5,6,38,66851,7947413
15,5,7,33,66863,7927816
15,5,8,29,66863,7812754
15,5,9,25,66851,7818612
15,5,10,23,66851,7710197
15,5,11,21,66863,7771948
15,5,12,19,66863,7730938
15,5,15,15,66851,7642857
15,5,19,12,66863,7638466
15,5,21,11,66851,7606266
15,5,23,10,66863,7670276
15,5,25,9,66851,7611197
15,5,29,8,not found,not found
15,5,33,7,not found,not found
15,5,38,6,not found,not found
15,5,45,5,not found,not found
15,5,46,5,not found,not found
15,5,57,4,not found,not found
15,5,58,4,not found,not found
15,6,4,57,66863,8935888
15,6,4,58,66863,8900533
15,6,5,45,66863,8702451
15,6,5,46,66863,8774969
15,6,6,38,66863,8724024
15,6,7,33,66863,8652100
15,6,8,29,66863,8569967
15,6,9,25,66863,8581669
15,6,10,23,66863,8504944
15,6,11,21,66863,8513365
15,6,12,19,66863,8492969
15,6,15,15,66863,8341385
15,6,19,12,66863,8369986
15,6,21,11,66863,8431860
15,6,23,10,66863,8441458
15,6,25,9,66863,8408532
15,6,29,8,not found,not found
15,6,33,7,not found,not found
15,6,38,6,not found,not found
15,6,45,5,not found,not found
15,6,46,5,not found,not found
15,6,57,4,not found,not found
15,6,58,4,not found,not found
15,7,4,57,66863,9720706
15,7,4,58,66863,9719624
15,7,5,45,66851,9521070
15,7,5,46,66863,9576640
15,7,6,38,66863,9525893
15,7,7,33,66863,9431938
15,7,8,29,66851,9348955
15,7,9,25,66863,9365617
15,7,10,23,66863,9309875
15,7,11,21,66863,9309327
15,7,12,19,66851,9276280
15,7,15,15,66863,9141187
15,7,19,12,66863,9126386
15,7,21,11,66851,9232404
15,7,23,10,66863,9224634
15,7,25,9,66863,9213278
15,7,29,8,not found,not found
15,7,33,7,not found,not found
15,7,38,6,not found,not found
15,7,45,5,not found,not found
15,7,46,5,not found,not found
15,7,57,4,not found,not found
15,7,58,4,not found,not found
15,8,4,57,66863,10459078
15,8,4,58,66863,10443207
15,8,5,45,66863,10251153
15,8,5,46,66863,10347518
15,8,6,38,66863,10188331
15,8,7,33,66863,10260089
15,8,8,29,66863,10157826
15,8,9,25,66863,10081745
15,8,10,23,66863,10067933
15,8,11,21,66863,10045682
15,8,12,19,66863,9984250
15,8,15,15,66863,9985710
15,8,19,12,66851,9941509
15,8,21,11,66863,9990319
15,8,23,10,66863,9939869
15,8,25,9,66863,9919399
15,8,29,8,not found,not found
15,8,33,7,not found,not found
15,8,38,6,not found,not found
15,8,45,5,not found,not found
15,8,46,5,not found,not found
15,8,57,4,not found,not found
15,8,58,4,not found,not found
15,9,4,57,66851,11252087
15,9,4,58,66863,11219232
15,9,5,45,66863,11004376
15,9,5,46,66863,11110482
15,9,6,38,66863,10989728
15,9,7,33,66863,11062171
15,9,8,29,66863,10932727
15,9,9,25,66851,10852170
15,9,10,23,66863,10860144
15,9,11,21,66863,10816489
15,9,12,19,66863,10754287
15,9,15,15,66863,10747605
15,9,19,12,66863,10724778
15,9,21,11,66863,10768972
15,9,23,10,66851,10762362
15,9,25,9,66863,10707207
15,9,29,8,not found,not found
15,9,33,7,not found,not found
15,9,38,6,not found,not found
15,9,45,5,not found,not found
15,9,46,5,not found,not found
15,9,57,4,not found,not found
15,9,58,4,not found,not found
16,2,4,59,66863,5940962
16,2,4,60,66863,5965238
16,2,5,47,66863,5744207
16,2,5,48,66851,5851845
16,2,6,39,66863,5711354
16,2,6,40,66863,5723165
16,2,7,34,66863,5658342
16,2,8,30,66863,5645313
16,2,9,26,66863,5596365
16,2,10,24,66863,5566142
16,2,12,20,66863,5534345
16,2,13,18,66863,5395856
16,2,14,17,66863,5463582
16,2,15,16,66863,5478261
16,2,16,15,66863,5446778
16,2,17,14,66863,5424705
16,2,18,13,66863,5416669
16,2,20,12,66851,5435085
16,2,24,10,66863,5394415
16,2,26,9,66863,5341653
16,2,30,8,not found,not found
16,2,34,7,not found,not found
16,2,39,6,not found,not found
16,2,40,6,not found,not found
16,2,47,5,not found,not found
16,2,48,5,not found,not found
16,2,59,4,not found,not found
16,2,60,4,not found,not found
16,3,4,57,66863,6598693
16,3,4,58,66851,6624014
16,3,5,45,66863,6457458
16,3,5,46,66863,6426766
16,3,6,38,66863,6364115
16,3,7,33,66863,6391652
16,3,8,29,66863,6277464
16,3,9,25,66863,6173689
16,3,10,23,66863,6256381
16,3,11,21,66863,6165319
16,3,12,19,66863,6136417
16,3,15,15,66863,6083528
16,3,19,12,66863,6061267
16,3,21,11,66863,6071533
16,3,23,10,66863,6072000
16,3,25,9,66863,6010113
16,3,29,8,not found,not found
16,3,33,7,not found,not found
16,3,38,6,not found,not found
16,3,45,5,not found,not found
16,3,46,5,not found,not found
16,3,57,4,not found,not found
16,3,58,4,not found,not found
16,4,4,57,66863,7416614
16,4,4,58,66863,7452613
16,4,5,45,66851,7294091
16,4,5,46,66863,7243071
16,4,6,38,66851,7154421
16,4,7,33,66863,7143145
16,4,8,29,66863,7044913
16,4,9,25,66863,7064308
16,4,10,23,66863,7024372
16,4,11,21,66863,6940665
16,4,12,19,66863,6941637
16,4,15,15,66863,6854761
16,4,19,12,66863,6828004
16,4,21,11,66863,6915101
16,4,23,10,66863,6835492
16,4,25,9,66863,6806836
16,4,29,8,not found,not found
16,4,33,7,not found,not found
16,4,38,6,not found,not found
16,4,45,5,not found,not found
16,4,46,5,not found,not found
16,4,57,4,not found,not found
16,4,58,4,not found,not found
16,5,4,57,66863,8163668
16,5,4,58,66863,8154035
16,5,5,45,66851,7978408
16,5,5,46,66863,8015700
16,5,6,38,66863,7849732
16,5,7,33,66863,7872442
16,5,8,29,66863,7899648
16,5,9,25,66863,7806946
16,5,10,23,66863,7757884
16,5,11,21,66863,7700309
16,5,12,19,66851,7722831
16,5,15,15,66851,7598323
16,5,19,12,66863,7651937
16,5,21,11,66863,7709887
16,5,23,10,66863,7723011
16,5,25,9,66851,7664178
16,5,29,8,not found,not found
16,5,33,7,not found,not found
16,5,38,6,not found,not found
16,5,45,5,not found,not found
16,5,46,5,not found,not found
16,5,57,4,not found,not found
16,5,58,4,not found,not found
16,6,4,57,66863,8895273
16,6,4,58,66863,8909715
16,6,5,45,66863,8802184
16,6,5,46,66863,8834497
16,6,6,38,66863,8585793
16,6,7,33,66863,8730937
16,6,8,29,66863,8545499
16,6,9,25,66863,8561389
16,6,10,23,66863,8564773
16,6,11,21,66863,8424815
16,6,12,19,66863,8462147
16,6,15,15,66863,8380787
16,6,19,12,66863,8366947
16,6,21,11,66863,8394345
16,6,23,10,66863,8403540
16,6,25,9,66863,8396359
16,6,29,8,not found,not found
16,6,33,7,not found,not found
16,6,38,6,not found,not found
16,6,45,5,not found,not found
16,6,46,5,not found,not found
16,6,57,4,not found,not found
16,6,58,4,not found,not found
16,7,4,57,66863,9692890
16,7,4,58,66863,9742438
16,7,5,45,66863,9595620
16,7,5,46,66851,9645530
16,7,6,38,66863,9404144
16,7,7,33,66851,9515386
16,7,8,29,66863,9363515
16,7,9,25,66863,9357912
16,7,10,23,66863,9370293
16,7,11,21,66863,9238351
16,7,12,19,66863,9250356
16,7,15,15,66863,9163912
16,7,19,12,66863,9145246
16,7,21,11,66863,9159831
16,7,23,10,66863,9182296
16,7,25,9,66863,9214288
16,7,29,8,not found,not found
16,7,33,7,not found,not found
16,7,38,6,not found,not found
16,7,45,5,not found,not found
16,7,46,5,not found,not found
16,7,57,4,not found,not found
16,7,58,4,not found,not found
16,8,4,57,66863,10492277
16,8,4,58,66863,10510747
16,8,5,45,66863,10389331
16,8,5,46,66863,10465844
16,8,6,38,66863,10227871
16,8,7,33,66863,10300060
16,8,8,29,66863,10183236
16,8,9,25,66863,10168981
16,8,10,23,66863,10159270
16,8,11,21,66863,10026413
16,8,12,19,66863,10064564
16,8,15,15,66863,9986788
16,8,19,12,66863,9916083
16,8,21,11,66863,9930452
16,8,23,10,66851,9987521
16,8,25,9,66863,10033651
16,8,29,8,not found,not found
16,8,33,7,not found,not found
16,8,38,6,not found,not found
16,8,45,5,not found,not found
16,8,46,5,not found,not found
16,8,57,4,not found,not found
16,8,58,4,not found,not found
16,9,4,57,66851,11373367
16,9,4,58,66863,11276328
16,9,5,45,66863,11129971
16,9,5,46,66863,11138900
16,9,6,38,66863,10948919
16,9,7,33,66863,10971884
16,9,8,29,66863,10930887
16,9,9,25,66863,10924395
16,9,10,23,66863,10852899
16,9,11,21,66863,10864118
16,9,12,19,66863,10914851
16,9,15,15,66863,10724479
16,9,19,12,66863,10692466
16,9,21,11,66863,10693791
16,9,23,10,66863,10737270
16,9,25,9,66863,10668669
16,9,29,8,not found,not found
16,9,33,7,not found,not found
16,9,38,6,not found,not found
16,9,45,5,not found,not found
16,9,46,5,not found,not found
16,9,57,4,not found,not found
16,9,58,4,not found,not found
17,2,4,57,66863,5820507
17,2,4,58,66863,5844154
17,2,5,45,66863,5658350
17,2,5,46,66863,5736691
17,2,6,38,66863,5589849
17,2,7,33,66863,5578911
17,2,8,29,66863,5537679
17,2,9,25,66863,5495999
17,2,10,23,66863,5453569
17,2,11,21,66851,5437880
17,2,12,19,66863,5384666
17,2,15,15,66863,5318157
17,2,19,12,66863,5313007
17,2,21,11,66863,5331762
17,2,23,10,66863,5315777
17,2,25,9,66851,5223617
17,2,29,8,not found,not found
17,2,33,7,not found,not found
17,2,38,6,not found,not found
17,2,45,5,not found,not found
17,2,46,5,not found,not found
17,2,57,4,not found,not found
17,2,58,4,not found,not found
17,3,4,57,66863,6582274
17,3,4,58,66863,6667020
17,3,5,45,66863,6441977
17,3,5,46,66851,6516208
17,3,6,38,66863,6331237
17,3,7,33,66863,6358433
17,3,8,29,66863,6294899
17,3,9,25,66863,6224717
17,3,10,23,66863,6282647
17,3,11,21,66851,6208339
17,3,12,19,66863,6187732
17,3,15,15,66863,6066699
17,3,19,12,66863,6108954
17,3,21,11,66863,6101634
17,3,23,10,66851,6081126
17,3,25,9,66863,6018407
17,3,29,8,not found,not found
17,3,33,7,not found,not found
17,3,38,6,not found,not found
17,3,45,5,not found,not found
17,3,46,5,not found,not found
17,3,57,4,not found,not found
17,3,58,4,not found,not found
17,4,4,57,66863,7374282
17,4,4,58,66863,7377045
17,4,5,45,66863,7167243
17,4,5,46,66863,7282679
17,4,6,38,66863,7138916
17,4,7,33,66863,7194939
17,4,8,29,66863,7081421
17,4,9,25,66863,6988539
17,4,10,23,66863,7085859
17,4,11,21,66863,6966753
17,4,12,19,66863,6935634
17,4,15,15,66863,6928583
17,4,19,12,66863,6850803
17,4,21,11,66863,6886380
17,4,23,10,66863,6908185
17,4,25,9,66863,6908946
17,4,29,8,not found,not found
17,4,33,7,not found,not found
17,4,38,6,not found,not found
17,4,45,5,not found,not found
17,4,46,5,not found,not found
17,4,57,4,not found,not found
17,4,58,4,not found,not found
17,5,4,57,66863,8181792
17,5,4,58,66863,8258289
17,5,5,45,66863,8090540
17,5,5,46,66863,8016760
17,5,6,38,66863,7940098
17,5,7,33,66851,7877997
17,5,8,29,66863,7851999
17,5,9,25,66863,7764157
17,5,10,23,66863,7849046
17,5,11,21,66863,7738001
17,5,12,19,66863,7716379
17,5,15,15,66863,7670640
17,5,19,12,66863,7589171
17,5,21,11,66863,7658522
17,5,23,10,66863,7607603
17,5,25,9,66863,7586675
17,5,29,8,not found,not found
17,5,33,7,not found,not found
17,5,38,6,not found,not found
17,5,45,5,not found,not found
17,5,46,5,not found,not found
17,5,57,4,not found,not found
17,5,58,4,not found,not found
17,6,4,57,66863,8960988
17,6,4,58,66863,9066488
17,6,5,45,66863,8822479
17,6,5,46,66863,8766860
17,6,6,38,66863,8713035
17,6,7,33,66863,8672791
17,6,8,29,66863,8496039
17,6,9,25,66863,8472907
17,6,10,23,66863,8488908
17,6,11,21,66851,8508015
17,6,12,19,66863,8403215
17,6,15,15,66863,8361293
17,6,19,12,66851,8373382
17,6,21,11,66851,8444575
17,6,23,10,66863,8499711
17,6,25,9,66863,8312555
17,6,29,8,not found,not found
17,6,33,7,not found,not found
17,6,38,6,not found,not found
17,6,45,5,not found,not found
17,6,46,5,not found,not found
17,6,57,4,not found,not found
17,6,58,4,not found,not found
17,7,4,57,66863,9781607
17,7,4,58,66863,9852413
17,7,5,45,66863,9638022
17,7,5,46,66863,9560307
17,7,6,38,66863,9471936
17,7,7,33,66863,9453290
17,7,8,29,66863,9254111
17,7,9,25,66863,9273741
17,7,10,23,66863,9264752
17,7,11,21,66863,9317475
17,7,12,19,66863,9212197
17,7,15,15,66863,9153282
17,7,19,12,66863,9169401
17,7,21,11,66863,9228561
17,7,23,10,66863,9300629
17,7,25,9,66851,9104406
17,7,29,8,not found,not found
17,7,33,7,not found,not found
17,7,38,6,not found,not found
17,7,45,5,not found,not found
17,7,46,5,not found,not found
17,7,57,4,not found,not found
17,7,58,4,not found,not found
17,8,4,57,66863,10542177
17,8,4,58,66863,10634619
17,8,5,45,66863,10445633
17,8,5,46,66863,10350350
17,8,6,38,66863,10265982
17,8,7,33,66863,10255776
17,8,8,29,66863,10034216
17,8,9,25,66851,10071344
17,8,10,23,66851,10031999
17,8,11,21,66863,10106477
17,8,12,19,66851,10031000
17,8,15,15,66863,9945631
17,8,19,12,66851,9966366
17,8,21,11,66863,10039040
17,8,23,10,66863,10064006
17,8,25,9,66863,9922880
17,8,29,8,not found,not found
17,8,33,7,not found,not found
17,8,38,6,not found,not found
17,8,45,5,not found,not found
17,8,46,5,not found,not found
17,8,57,4,not found,not found
17,8,58,4,not found,not found
17,9,4,57,66863,11336678
17,9,4,58,66863,11426707
17,9,5,45,66863,11081265
17,9,5,46,66863,11202829
17,9,6,38,66863,10951727
17,9,7,33,66863,10993366
17,9,8,29,66863,10898014
17,9,9,25,66863,10940003
17,9,10,23,66863,10882233
17,9,11,21,66863,10882697
17,9,12,19,66863,10840023
17,9,15,15,66863,10773690
17,9,19,12,66863,10717595
17,9,21,11,66863,10756731
17,9,23,10,66863,10788863
17,9,25,9,66863,10569447
17,9,29,8,not found,not found
17,9,33,7,not found,not found
17,9,38,6,not found,not found
17,9,45,5,not found,not found
17,9,46,5,not found,not found
17,9,57,4,not found,not found
17,9,58,4,not found,not found
18,2,4,55,66863,5767198
18,2,4,56,66863,5807333
18,2,5,44,66863,5657623
18,2,6,37,66863,5576508
18,2,7,31,66863,5433304
18,2,7,32,66851,5544985
18,2,8,28,66863,5473956
18,2,10,22,66863,5351663
18,2,11,20,66851,5328979
18,2,13,17,66863,5302577
18,2,14,16,66863,5358569
18,2,16,14,66863,5314416
18,2,17,13,66863,5248393
18,2,20,11,66863,5227497
18,2,22,10,66863,5263338
18,2,28,8,66863,5240390
18,2,31,7,not found,not found
18,2,32,7,66863,5261886
18,2,37,6,not found,not found
18,2,44,5,not found,not found
18,2,55,4,not found,not found
18,2,56,4,not found,not found
18,3,4,57,66863,6691097
18,3,4,58,66863,6690926
18,3,5,45,66851,6397343
18,3,5,46,66851,6526171
18,3,6,38,66863,6387609
18,3,7,33,66863,6384959
18,3,8,29,66851,6352457
18,3,9,25,66863,6247351
18,3,10,23,66863,6288442
18,3,11,21,66863,6230402
18,3,12,19,66863,6198185
18,3,15,15,66863,6127939
18,3,19,12,66851,6101482
18,3,21,11,66851,6171111
18,3,23,10,66863,6159491
18,3,25,9,66863,6040678
18,3,29,8,not found,not found
18,3,33,7,not found,not found
18,3,38,6,not found,not found
18,3,45,5,not found,not found
18,3,46,5,not found,not found
18,3,57,4,not found,not found
18,3,58,4,not found,not found
18,4,4,57,66863,7393590
18,4,4,58,66863,7447155
18,4,5,45,66863,7225136
18,4,5,46,66863,7278771
18,4,6,38,66863,7118286
18,4,7,33,66863,7175759
18,4,8,29,66863,7029795
18,4,9,25,66863,6981899
18,4,10,23,66863,7065633
18,4,11,21,66863,6981224
18,4,12,19,66863,6974511
18,4,15,15,66851,6946377
18,4,19,12,66851,6902629
18,4,21,11,66863,6930703
18,4,23,10,66863,6838063
18,4,25,9,66863,6843581
18,4,29,8,not found,not found
18,4,33,7,not found,not found
18,4,38,6,not found,not found
18,4,45,5,not found,not found
18,4,46,5,not found,not found
18,4,57,4,not found,not found
18,4,58,4,not found,not found
18,5,4,57,66863,8103623
18,5,4,58,66863,8196416
18,5,5,45,66863,7985656
18,5,5,46,66863,8077817
18,5,6,38,66863,7964493
18,5,7,33,66863,7921943
18,5,8,29,66839,7885919
18,5,9,25,66851,7772352
18,5,10,23,66863,7692090
18,5,11,21,66863,7745158
18,5,12,19,66863,7729844
18,5,15,15,66851,7692422
18,5,19,12,66863,7627695
18,5,21,11,66863,7669829
18,5,23,10,66863,7647755
18,5,25,9,66863,7648904
18,5,29,8,not found,not found
18,5,33,7,not found,not found
18,5,38,6,not found,not found
18,5,45,5,not found,not found
18,5,46,5,not found,not found
18,5,57,4,not found,not found
18,5,58,4,not found,not found
18,6,4,57,66863,8878113
18,6,4,58,66863,9000882
18,6,5,45,66851,8806460
18,6,5,46,66863,8894546
18,6,6,38,66863,8756030
18,6,7,33,66863,8712234
18,6,8,29,66863,8684837
18,6,9,25,66863,8574962
18,6,10,23,66863,8507165
18,6,11,21,66863,8548186
18,6,12,19,66863,8553935
18,6,15,15,66851,8533517
18,6,19,12,66863,8429799
18,6,21,11,66863,8489745
18,6,23,10,66863,8471524
18,6,25,9,66863,8447313
18,6,29,8,not found,not found
18,6,33,7,not found,not found
18,6,38,6,not found,not found
18,6,45,5,not found,not found
18,6,46,5,not found,not found
18,6,57,4,not found,not found
18,6,58,4,not found,not found
18,7,4,57,66863,9745717
18,7,4,58,66863,9685030
18,7,5,45,66863,9557339
18,7,5,46,66863,9623690
18,7,6,38,66863,9429526
18,7,7,33,66863,9489856
18,7,8,29,66851,9414253
18,7,9,25,66863,9350523
18,7,10,23,66863,9391723
18,7,11,21,66863,9310405
18,7,12,19,66851,9344105
18,7,15,15,66851,9279174
18,7,19,12,66863,9188449
18,7,21,11,66863,9228934
18,7,23,10,66863,9195777
18,7,25,9,66863,9114163
18,7,29,8,not found,not found
18,7,33,7,not found,not found
18,7,38,6,not found,not found
18,7,45,5,not found,not found
18,7,46,5,not found,not found
18,7,57,4,not found,not found
18,7,58,4,not found,not found
18,8,4,57,66863,10518638
18,8,4,58,66863,10470673
18,8,5,45,66863,10347186
18,8,5,46,66863,10418318
18,8,6,38,66863,10232137
18,8,7,33,66863,10288843
18,8,8,29,66863,10216632
18,8,9,25,66851,10131213
18,8,10,23,66863,10168894
18,8,11,21,66863,10108408
18,8,12,19,66863,10121136
18,8,15,15,66863,10094189
18,8,19,12,66863,9998788
18,8,21,11,66863,10014005
18,8,23,10,66863,10023115
18,8,25,9,66863,9902759
18,8,29,8,not found,not found
18,8,33,7,not found,not found
18,8,38,6,not found,not found
18,8,45,5,not found,not found
18,8,46,5,not found,not found
18,8,57,4,not found,not found
18,8,58,4,not found,not found
18,9,4,57,66863,11332621
18,9,4,58,66863,11266856
18,9,5,45,66863,11173011
18,9,5,46,66863,11205354
18,9,6,38,66863,11035810
18,9,7,33,66863,11093126
18,9,8,29,66851,10990786
18,9,9,25,66863,10930097
18,9,10,23,66863,10963634
18,9,11,21,66863,10898928
18,9,12,19,66863,10937388
18,9,15,15,66863,10914711
18,9,19,12,66863,10793534
18,9,21,11,66863,10821577
18,9,23,10,66863,10838973
18,9,25,9,66863,10705303
18,9,29,8,not found,not found
18,9,33,7,not found,not found
18,9,38,6,not found,not found
18,9,45,5,not found,not found
18,9,46,5,not found,not found
18,9,57,4,not found,not found
18,9,58,4,not found,not found
19,2,4,55,66863,5741483
19,2,4,56,66863,5837764
19,2,5,44,66863,5683277
19,2,6,37,66863,5556160
19,2,7,31,66863,5445353
19,2,7,32,66863,5549663
19,2,8,28,66863,5448677
19,2,10,22,66863,5394225
19,2,11,20,66863,5324889
19,2,13,17,66863,5344794
19,2,14,16,66863,5358839
19,2,16,14,66863,5323798
19,2,17,13,66863,5260437
19,2,20,11,66863,5220129
19,2,22,10,66863,5268580
19,2,28,8,66863,5274367
19,2,31,7,not found,not found
19,2,32,7,66863,5287134
19,2,37,6,not found,not found
19,2,44,5,not found,not found
19,2,55,4,not found,not found
19,2,56,4,not found,not found
19,3,4,57,66863,6657806
19,3,4,58,66863,6677838
19,3,5,45,66863,6511232
19,3,5,46,66851,6527620
19,3,6,38,66863,6371014
19,3,7,33,66863,6420167
19,3,8,29,66863,6339102
19,3,9,25,66863,6247939
19,3,10,23,66863,6234308
19,3,11,21,66863,6185160
19,3,12,19,66863,6181980
19,3,15,15,66863,6116354
19,3,19,12,66863,6051676
19,3,21,11,66863,6120928
19,3,23,10,66863,6117230
19,3,25,9,66863,6020871
19,3,29,8,not found,not found
19,3,33,7,not found,not found
19,3,38,6,not found,not found
19,3,45,5,not found,not found
19,3,46,5,not found,not found
19,3,57,4,not found,not found
19,3,58,4,not found,not found
19,4,4,57,66863,7405841
19,4,4,58,66863,7422858
19,4,5,45,66863,7182847
19,4,5,46,66863,7359047
19,4,6,38,66863,7089773
19,4,7,33,66863,7132971
19,4,8,29,66863,7023413
19,4,9,25,66863,7021080
19,4,10,23,66863,7011208
19,4,11,21,66863,6871769
19,4,12,19,66863,6987830
19,4,15,15,66863,6887892
19,4,19,12,66863,6853097
19,4,21,11,66863,6834891
19,4,23,10,66863,6851346
19,4,25,9,66863,6813628
19,4,29,8,not found,not found
19,4,33,7,not found,not found
19,4,38,6,not found,not found
19,4,45,5,not found,not found
19,4,46,5,not found,not found
19,4,57,4,not found,not found
19,4,58,4,not found,not found
19,5,4,57,66851,8095506
19,5,4,58,66863,8258029
19,5,5,45,66863,8029253
19,5,5,46,66863,8054017
19,5,6,38,66851,7897159
19,5,7,33,66863,7975328
19,5,8,29,66863,7851538
19,5,9,25,66851,7831497
19,5,10,23,66851,7809513
19,5,11,21,66863,7729777
19,5,12,19,66863,7727298
19,5,15,15,66863,7622255
19,5,19,12,66863,7596811
19,5,21,11,66863,7651913
19,5,23,10,66851,7640694
19,5,25,9,66863,7642183
19,5,29,8,not found,not found
19,5,33,7,not found,not found
19,5,38,6,not found,not found
19,5,45,5,not found,not found
19,5,46,5,not found,not found
19,5,57,4,not found,not found
19,5,58,4,not found,not found
19,6,4,57,66863,8890780
19,6,4,58,66863,9097531
19,6,5,45,66863,8824707
19,6,5,46,66863,8867245
19,6,6,38,66863,8730779
19,6,7,33,66863,8775418
19,6,8,29,66863,8663707
19,6,9,25,66863,8630271
19,6,10,23,66863,8608141
19,6,11,21,66863,8528583
19,6,12,19,66863,8569035
19,6,15,15,66863,8429069
19,6,19,12,66851,8433721
19,6,21,11,66863,8463357
19,6,23,10,66863,8434724
19,6,25,9,66863,8449760
19,6,29,8,not found,not found
19,6,33,7,not found,not found
19,6,38,6,not found,not found
19,6,45,5,not found,not found
19,6,46,5,not found,not found
19,6,57,4,not found,not found
19,6,58,4,not found,not found
19,7,4,55,66863,9669295
19,7,4,56,66851,9669967
19,7,5,44,66863,9654238
19,7,6,37,66863,9459644
19,7,7,31,66863,9322729
19,7,7,32,66863,9414964
19,7,8,28,66863,9359389
19,7,10,22,66863,9320827
19,7,11,20,66851,9211878
19,7,13,17,66863,9240792
19,7,14,16,66863,9157102
19,7,16,14,66863,9095377
19,7,17,13,66863,9169206
19,7,20,11,66863,9079194
19,7,22,10,66863,9078638
19,7,28,8,66863,9101637
19,7,31,7,not found,not found
19,7,32,7,66863,9106959
19,7,37,6,not found,not found
19,7,44,5,not found,not found
19,7,55,4,not found,not found
19,7,56,4,not found,not found
19,8,4,55,66863,10438298
19,8,4,56,66863,10443723
19,8,5,44,66863,10423571
19,8,6,37,66863,10245465
19,8,7,31,66863,10151645
19,8,7,32,66863,10217649
19,8,8,28,66863,10140377
19,8,10,22,66863,10110267
19,8,11,20,66863,10027103
19,8,13,17,66863,10000473
19,8,14,16,66863,9971747
19,8,16,14,66863,9901573
19,8,17,13,66863,9993070
19,8,20,11,66863,9872711
19,8,22,10,66863,9897527
19,8,28,8,66863,9920363
19,8,31,7,not found,not found
19,8,32,7,66863,9947763
19,8,37,6,not found,not found
19,8,44,5,not found,not found
19,8,55,4,not found,not found
19,8,56,4,not found,not found
19,9,4,55,66863,11256304
19,9,4,56,66863,11257095
19,9,5,44,66839,11224219
19,9,6,37,66851,11075805
19,9,7,31,66851,10938375
19,9,7,32,66863,11035329
19,9,8,28,66863,10935597
19,9,10,22,66863,10901167
19,9,11,20,66851,10856573
19,9,13,17,66863,10773617
19,9,14,16,66863,10740732
19,9,16,14,66863,10721943
19,9,17,13,66863,10813398
19,9,20,11,66863,10705769
19,9,22,10,66863,10695843
19,9,28,8,66863,10697194
19,9,31,7,not found,not found
19,9,32,7,66863,10707717
19,9,37,6,not found,not found
19,9,44,5,not found,not found
19,9,55,4,not found,not found
19,9,56,4,not found,not found